LOCATION,INDICATOR,SUBJECT,MEASURE,FREQUENCY,TIME,Value,Flag Codes
AUS,GDPLTFORECAST,TOT,MLN_USD,A,2009,775482.2798,
AUS,GDPLTFORECAST,TOT,MLN_USD,A,2010,792980.4314,
AUS,GDPLTFORECAST,TOT,MLN_USD,A,2011,813376.5975,
AUS,GDPLTFORECAST,TOT,MLN_USD,A,2012,842916.566,
AUS,GDPLTFORECAST,TOT,MLN_USD,A,2013,863550.1827,
AUS,GDPLTFORECAST,TOT,MLN_USD,A,2014,885749.6807,
AUS,GDPLTFORECAST,TOT,MLN_USD,A,2015,911549.2454,
AUS,GDPLTFORECAST,TOT,MLN_USD,A,2016,946475.8562,
AUS,GDPLTFORECAST,TOT,MLN_USD,A,2017,983554.1088,
AUS,GDPLTFORECAST,TOT,MLN_USD,A,2018,1020828.758,
AUS,GDPLTFORECAST,TOT,MLN_USD,A,2019,1058135.553,
AUS,GDPLTFORECAST,TOT,MLN_USD,A,2020,1095687.973,
AUS,GDPLTFORECAST,TOT,MLN_USD,A,2021,1133435.593,
AUS,GDPLTFORECAST,TOT,MLN_USD,A,2022,1171685.817,
AUS,GDPLTFORECAST,TOT,MLN_USD,A,2023,1210607.327,
AUS,GDPLTFORECAST,TOT,MLN_USD,A,2024,1250350.494,
AUS,GDPLTFORECAST,TOT,MLN_USD,A,2025,1290975.242,
AUS,GDPLTFORECAST,TOT,MLN_USD,A,2026,1331644.91,
AUS,GDPLTFORECAST,TOT,MLN_USD,A,2027,1373373.192,
AUS,GDPLTFORECAST,TOT,MLN_USD,A,2028,1416091.359,
AUS,GDPLTFORECAST,TOT,MLN_USD,A,2029,1459603.321,
AUS,GDPLTFORECAST,TOT,MLN_USD,A,2030,1503774.916,
AUS,GDPLTFORECAST,TOT,MLN_USD,A,2031,1547916.334,
AUS,GDPLTFORECAST,TOT,MLN_USD,A,2032,1592723.822,
AUS,GDPLTFORECAST,TOT,MLN_USD,A,2033,1638205.399,
AUS,GDPLTFORECAST,TOT,MLN_USD,A,2034,1684407.179,
AUS,GDPLTFORECAST,TOT,MLN_USD,A,2035,1731316.991,
AUS,GDPLTFORECAST,TOT,MLN_USD,A,2036,1777863.198,
AUS,GDPLTFORECAST,TOT,MLN_USD,A,2037,1825076.166,
AUS,GDPLTFORECAST,TOT,MLN_USD,A,2038,1872927.745,
AUS,GDPLTFORECAST,TOT,MLN_USD,A,2039,1921350.289,
AUS,GDPLTFORECAST,TOT,MLN_USD,A,2040,1970272.05,
AUS,GDPLTFORECAST,TOT,MLN_USD,A,2041,2018586.204,
AUS,GDPLTFORECAST,TOT,MLN_USD,A,2042,2067586.521,
AUS,GDPLTFORECAST,TOT,MLN_USD,A,2043,2117278.042,
AUS,GDPLTFORECAST,TOT,MLN_USD,A,2044,2167701.313,
AUS,GDPLTFORECAST,TOT,MLN_USD,A,2045,2218914.461,
AUS,GDPLTFORECAST,TOT,MLN_USD,A,2046,2269842.185,
AUS,GDPLTFORECAST,TOT,MLN_USD,A,2047,2321780.12,
AUS,GDPLTFORECAST,TOT,MLN_USD,A,2048,2374713.194,
AUS,GDPLTFORECAST,TOT,MLN_USD,A,2049,2428603.553,
AUS,GDPLTFORECAST,TOT,MLN_USD,A,2050,2483415.195,
AUT,GDPLTFORECAST,TOT,MLN_USD,A,2009,289971.6062,
AUT,GDPLTFORECAST,TOT,MLN_USD,A,2010,295425.2594,
AUT,GDPLTFORECAST,TOT,MLN_USD,A,2011,303935.3008,
AUT,GDPLTFORECAST,TOT,MLN_USD,A,2012,306039.1841,
AUT,GDPLTFORECAST,TOT,MLN_USD,A,2013,307354.4935,
AUT,GDPLTFORECAST,TOT,MLN_USD,A,2014,311829.6305,
AUT,GDPLTFORECAST,TOT,MLN_USD,A,2015,318504.1085,
AUT,GDPLTFORECAST,TOT,MLN_USD,A,2016,327001.493,
AUT,GDPLTFORECAST,TOT,MLN_USD,A,2017,335298.6485,
AUT,GDPLTFORECAST,TOT,MLN_USD,A,2018,343043.1363,
AUT,GDPLTFORECAST,TOT,MLN_USD,A,2019,350408.4642,
AUT,GDPLTFORECAST,TOT,MLN_USD,A,2020,357609.511,
AUT,GDPLTFORECAST,TOT,MLN_USD,A,2021,364711.0758,
AUT,GDPLTFORECAST,TOT,MLN_USD,A,2022,371820.094,
AUT,GDPLTFORECAST,TOT,MLN_USD,A,2023,379000.991,
AUT,GDPLTFORECAST,TOT,MLN_USD,A,2024,386293.9086,
AUT,GDPLTFORECAST,TOT,MLN_USD,A,2025,393724.1045,
AUT,GDPLTFORECAST,TOT,MLN_USD,A,2026,401307.7849,
AUT,GDPLTFORECAST,TOT,MLN_USD,A,2027,409060.2693,
AUT,GDPLTFORECAST,TOT,MLN_USD,A,2028,416985.2392,
AUT,GDPLTFORECAST,TOT,MLN_USD,A,2029,425073.8261,
AUT,GDPLTFORECAST,TOT,MLN_USD,A,2030,433314.1121,
AUT,GDPLTFORECAST,TOT,MLN_USD,A,2031,441695.1494,
AUT,GDPLTFORECAST,TOT,MLN_USD,A,2032,450204.9891,
AUT,GDPLTFORECAST,TOT,MLN_USD,A,2033,458828.5508,
AUT,GDPLTFORECAST,TOT,MLN_USD,A,2034,467545.0804,
AUT,GDPLTFORECAST,TOT,MLN_USD,A,2035,476333.88,
AUT,GDPLTFORECAST,TOT,MLN_USD,A,2036,485176.5261,
AUT,GDPLTFORECAST,TOT,MLN_USD,A,2037,494057.9782,
AUT,GDPLTFORECAST,TOT,MLN_USD,A,2038,502966.1895,
AUT,GDPLTFORECAST,TOT,MLN_USD,A,2039,511889.9893,
AUT,GDPLTFORECAST,TOT,MLN_USD,A,2040,520821.7453,
AUT,GDPLTFORECAST,TOT,MLN_USD,A,2041,529761.1041,
AUT,GDPLTFORECAST,TOT,MLN_USD,A,2042,538712.6858,
AUT,GDPLTFORECAST,TOT,MLN_USD,A,2043,547681.6472,
AUT,GDPLTFORECAST,TOT,MLN_USD,A,2044,556673.0996,
AUT,GDPLTFORECAST,TOT,MLN_USD,A,2045,565691.7989,
AUT,GDPLTFORECAST,TOT,MLN_USD,A,2046,574744.0427,
AUT,GDPLTFORECAST,TOT,MLN_USD,A,2047,583835.0831,
AUT,GDPLTFORECAST,TOT,MLN_USD,A,2048,592966.2283,
AUT,GDPLTFORECAST,TOT,MLN_USD,A,2049,602135.9261,
AUT,GDPLTFORECAST,TOT,MLN_USD,A,2050,611342.3583,
BEL,GDPLTFORECAST,TOT,MLN_USD,A,2009,349705.8163,
BEL,GDPLTFORECAST,TOT,MLN_USD,A,2010,357829.3127,
BEL,GDPLTFORECAST,TOT,MLN_USD,A,2011,364178.5987,
BEL,GDPLTFORECAST,TOT,MLN_USD,A,2012,363676.6126,
BEL,GDPLTFORECAST,TOT,MLN_USD,A,2013,364522.7896,
BEL,GDPLTFORECAST,TOT,MLN_USD,A,2014,370165.6705,
BEL,GDPLTFORECAST,TOT,MLN_USD,A,2015,376630.9591,
BEL,GDPLTFORECAST,TOT,MLN_USD,A,2016,383799.5142,
BEL,GDPLTFORECAST,TOT,MLN_USD,A,2017,391511.0972,
BEL,GDPLTFORECAST,TOT,MLN_USD,A,2018,399595.7473,
BEL,GDPLTFORECAST,TOT,MLN_USD,A,2019,408076.2332,
BEL,GDPLTFORECAST,TOT,MLN_USD,A,2020,416989.4954,
BEL,GDPLTFORECAST,TOT,MLN_USD,A,2021,426331.8646,
BEL,GDPLTFORECAST,TOT,MLN_USD,A,2022,436064.8047,
BEL,GDPLTFORECAST,TOT,MLN_USD,A,2023,446002.8809,
BEL,GDPLTFORECAST,TOT,MLN_USD,A,2024,456144.3575,
BEL,GDPLTFORECAST,TOT,MLN_USD,A,2025,466496.5343,
BEL,GDPLTFORECAST,TOT,MLN_USD,A,2026,477073.703,
BEL,GDPLTFORECAST,TOT,MLN_USD,A,2027,487901.3997,
BEL,GDPLTFORECAST,TOT,MLN_USD,A,2028,498995.5725,
BEL,GDPLTFORECAST,TOT,MLN_USD,A,2029,510354.3582,
BEL,GDPLTFORECAST,TOT,MLN_USD,A,2030,521968.9593,
BEL,GDPLTFORECAST,TOT,MLN_USD,A,2031,533828.5076,
BEL,GDPLTFORECAST,TOT,MLN_USD,A,2032,545921.2438,
BEL,GDPLTFORECAST,TOT,MLN_USD,A,2033,558046.5992,
BEL,GDPLTFORECAST,TOT,MLN_USD,A,2034,570193.697,
BEL,GDPLTFORECAST,TOT,MLN_USD,A,2035,582370.8316,
BEL,GDPLTFORECAST,TOT,MLN_USD,A,2036,594587.5739,
BEL,GDPLTFORECAST,TOT,MLN_USD,A,2037,606857.2795,
BEL,GDPLTFORECAST,TOT,MLN_USD,A,2038,619193.7415,
BEL,GDPLTFORECAST,TOT,MLN_USD,A,2039,631606.7525,
BEL,GDPLTFORECAST,TOT,MLN_USD,A,2040,644105.7885,
BEL,GDPLTFORECAST,TOT,MLN_USD,A,2041,656705.9714,
BEL,GDPLTFORECAST,TOT,MLN_USD,A,2042,669427.6111,
BEL,GDPLTFORECAST,TOT,MLN_USD,A,2043,682289.2258,
BEL,GDPLTFORECAST,TOT,MLN_USD,A,2044,695305.6034,
BEL,GDPLTFORECAST,TOT,MLN_USD,A,2045,708488.9557,
BEL,GDPLTFORECAST,TOT,MLN_USD,A,2046,721853.6199,
BEL,GDPLTFORECAST,TOT,MLN_USD,A,2047,735417.0892,
BEL,GDPLTFORECAST,TOT,MLN_USD,A,2048,749195.6783,
BEL,GDPLTFORECAST,TOT,MLN_USD,A,2049,763206.3457,
BEL,GDPLTFORECAST,TOT,MLN_USD,A,2050,777465.4664,
CAN,GDPLTFORECAST,TOT,MLN_USD,A,2009,1197727.622,
CAN,GDPLTFORECAST,TOT,MLN_USD,A,2010,1238142.01,
CAN,GDPLTFORECAST,TOT,MLN_USD,A,2011,1269444.919,
CAN,GDPLTFORECAST,TOT,MLN_USD,A,2012,1291139.61,
CAN,GDPLTFORECAST,TOT,MLN_USD,A,2013,1317079.603,
CAN,GDPLTFORECAST,TOT,MLN_USD,A,2014,1349458.422,
CAN,GDPLTFORECAST,TOT,MLN_USD,A,2015,1386212.171,
CAN,GDPLTFORECAST,TOT,MLN_USD,A,2016,1415076.197,
CAN,GDPLTFORECAST,TOT,MLN_USD,A,2017,1442842.979,
CAN,GDPLTFORECAST,TOT,MLN_USD,A,2018,1471372.067,
CAN,GDPLTFORECAST,TOT,MLN_USD,A,2019,1500984.83,
CAN,GDPLTFORECAST,TOT,MLN_USD,A,2020,1531657.679,
CAN,GDPLTFORECAST,TOT,MLN_USD,A,2021,1563309.763,
CAN,GDPLTFORECAST,TOT,MLN_USD,A,2022,1595901.385,
CAN,GDPLTFORECAST,TOT,MLN_USD,A,2023,1629444.784,
CAN,GDPLTFORECAST,TOT,MLN_USD,A,2024,1663666.468,
CAN,GDPLTFORECAST,TOT,MLN_USD,A,2025,1698391.55,
CAN,GDPLTFORECAST,TOT,MLN_USD,A,2026,1733646.52,
CAN,GDPLTFORECAST,TOT,MLN_USD,A,2027,1769473.771,
CAN,GDPLTFORECAST,TOT,MLN_USD,A,2028,1805878.865,
CAN,GDPLTFORECAST,TOT,MLN_USD,A,2029,1842820.647,
CAN,GDPLTFORECAST,TOT,MLN_USD,A,2030,1880255.698,
CAN,GDPLTFORECAST,TOT,MLN_USD,A,2031,1918150.002,
CAN,GDPLTFORECAST,TOT,MLN_USD,A,2032,1956513.747,
CAN,GDPLTFORECAST,TOT,MLN_USD,A,2033,1995364.379,
CAN,GDPLTFORECAST,TOT,MLN_USD,A,2034,2034715.94,
CAN,GDPLTFORECAST,TOT,MLN_USD,A,2035,2074569.483,
CAN,GDPLTFORECAST,TOT,MLN_USD,A,2036,2114929.737,
CAN,GDPLTFORECAST,TOT,MLN_USD,A,2037,2155816.529,
CAN,GDPLTFORECAST,TOT,MLN_USD,A,2038,2197251.071,
CAN,GDPLTFORECAST,TOT,MLN_USD,A,2039,2239239.681,
CAN,GDPLTFORECAST,TOT,MLN_USD,A,2040,2281788.924,
CAN,GDPLTFORECAST,TOT,MLN_USD,A,2041,2324927.395,
CAN,GDPLTFORECAST,TOT,MLN_USD,A,2042,2368716.898,
CAN,GDPLTFORECAST,TOT,MLN_USD,A,2043,2413206.632,
CAN,GDPLTFORECAST,TOT,MLN_USD,A,2044,2458424.486,
CAN,GDPLTFORECAST,TOT,MLN_USD,A,2045,2504383.073,
CAN,GDPLTFORECAST,TOT,MLN_USD,A,2046,2551096.324,
CAN,GDPLTFORECAST,TOT,MLN_USD,A,2047,2598594.475,
CAN,GDPLTFORECAST,TOT,MLN_USD,A,2048,2646888.755,
CAN,GDPLTFORECAST,TOT,MLN_USD,A,2049,2695973.695,
CAN,GDPLTFORECAST,TOT,MLN_USD,A,2050,2745832.147,
CZE,GDPLTFORECAST,TOT,MLN_USD,A,2009,242653.0225,
CZE,GDPLTFORECAST,TOT,MLN_USD,A,2010,248253.0279,
CZE,GDPLTFORECAST,TOT,MLN_USD,A,2011,252789.4157,
CZE,GDPLTFORECAST,TOT,MLN_USD,A,2012,250415.8868,
CZE,GDPLTFORECAST,TOT,MLN_USD,A,2013,248048.3651,
CZE,GDPLTFORECAST,TOT,MLN_USD,A,2014,251148.3136,
CZE,GDPLTFORECAST,TOT,MLN_USD,A,2015,257257.1155,
CZE,GDPLTFORECAST,TOT,MLN_USD,A,2016,267913.7094,
CZE,GDPLTFORECAST,TOT,MLN_USD,A,2017,279504.4227,
CZE,GDPLTFORECAST,TOT,MLN_USD,A,2018,291114.5662,
CZE,GDPLTFORECAST,TOT,MLN_USD,A,2019,302603.0544,
CZE,GDPLTFORECAST,TOT,MLN_USD,A,2020,313983.0778,
CZE,GDPLTFORECAST,TOT,MLN_USD,A,2021,325268.3034,
CZE,GDPLTFORECAST,TOT,MLN_USD,A,2022,336457.8607,
CZE,GDPLTFORECAST,TOT,MLN_USD,A,2023,347545.8365,
CZE,GDPLTFORECAST,TOT,MLN_USD,A,2024,358530.9003,
CZE,GDPLTFORECAST,TOT,MLN_USD,A,2025,369417.4387,
CZE,GDPLTFORECAST,TOT,MLN_USD,A,2026,380216.7268,
CZE,GDPLTFORECAST,TOT,MLN_USD,A,2027,390941.8519,
CZE,GDPLTFORECAST,TOT,MLN_USD,A,2028,401594.5232,
CZE,GDPLTFORECAST,TOT,MLN_USD,A,2029,412158.2394,
CZE,GDPLTFORECAST,TOT,MLN_USD,A,2030,422605.165,
CZE,GDPLTFORECAST,TOT,MLN_USD,A,2031,432901.1425,
CZE,GDPLTFORECAST,TOT,MLN_USD,A,2032,443009.2681,
CZE,GDPLTFORECAST,TOT,MLN_USD,A,2033,452894.8215,
CZE,GDPLTFORECAST,TOT,MLN_USD,A,2034,462533.2183,
CZE,GDPLTFORECAST,TOT,MLN_USD,A,2035,471910.8582,
CZE,GDPLTFORECAST,TOT,MLN_USD,A,2036,481025.5431,
CZE,GDPLTFORECAST,TOT,MLN_USD,A,2037,489890.1029,
CZE,GDPLTFORECAST,TOT,MLN_USD,A,2038,498527.943,
CZE,GDPLTFORECAST,TOT,MLN_USD,A,2039,506970.9005,
CZE,GDPLTFORECAST,TOT,MLN_USD,A,2040,515257.1767,
CZE,GDPLTFORECAST,TOT,MLN_USD,A,2041,523431.8079,
CZE,GDPLTFORECAST,TOT,MLN_USD,A,2042,531543.2746,
CZE,GDPLTFORECAST,TOT,MLN_USD,A,2043,539635.2966,
CZE,GDPLTFORECAST,TOT,MLN_USD,A,2044,547744.5147,
CZE,GDPLTFORECAST,TOT,MLN_USD,A,2045,555902.8391,
CZE,GDPLTFORECAST,TOT,MLN_USD,A,2046,564140.8263,
CZE,GDPLTFORECAST,TOT,MLN_USD,A,2047,572486.3044,
CZE,GDPLTFORECAST,TOT,MLN_USD,A,2048,580964.5725,
CZE,GDPLTFORECAST,TOT,MLN_USD,A,2049,589601.6119,
CZE,GDPLTFORECAST,TOT,MLN_USD,A,2050,598424.5945,
DNK,GDPLTFORECAST,TOT,MLN_USD,A,2009,176837.0645,
DNK,GDPLTFORECAST,TOT,MLN_USD,A,2010,179289.6619,
DNK,GDPLTFORECAST,TOT,MLN_USD,A,2011,181210.25,
DNK,GDPLTFORECAST,TOT,MLN_USD,A,2012,180560.1976,
DNK,GDPLTFORECAST,TOT,MLN_USD,A,2013,181275.4415,
DNK,GDPLTFORECAST,TOT,MLN_USD,A,2014,183857.321,
DNK,GDPLTFORECAST,TOT,MLN_USD,A,2015,187090.8651,
DNK,GDPLTFORECAST,TOT,MLN_USD,A,2016,190457.8382,
DNK,GDPLTFORECAST,TOT,MLN_USD,A,2017,193707.8998,
DNK,GDPLTFORECAST,TOT,MLN_USD,A,2018,196912.01,
DNK,GDPLTFORECAST,TOT,MLN_USD,A,2019,200179.5845,
DNK,GDPLTFORECAST,TOT,MLN_USD,A,2020,203586.898,
DNK,GDPLTFORECAST,TOT,MLN_USD,A,2021,207171.5216,
DNK,GDPLTFORECAST,TOT,MLN_USD,A,2022,210943.559,
DNK,GDPLTFORECAST,TOT,MLN_USD,A,2023,214899.1922,
DNK,GDPLTFORECAST,TOT,MLN_USD,A,2024,219030.3232,
DNK,GDPLTFORECAST,TOT,MLN_USD,A,2025,223327.9261,
DNK,GDPLTFORECAST,TOT,MLN_USD,A,2026,227785.6213,
DNK,GDPLTFORECAST,TOT,MLN_USD,A,2027,232399.0466,
DNK,GDPLTFORECAST,TOT,MLN_USD,A,2028,237161.0804,
DNK,GDPLTFORECAST,TOT,MLN_USD,A,2029,242061.3574,
DNK,GDPLTFORECAST,TOT,MLN_USD,A,2030,247090.8776,
DNK,GDPLTFORECAST,TOT,MLN_USD,A,2031,252244.0338,
DNK,GDPLTFORECAST,TOT,MLN_USD,A,2032,257517.7006,
DNK,GDPLTFORECAST,TOT,MLN_USD,A,2033,262909.968,
DNK,GDPLTFORECAST,TOT,MLN_USD,A,2034,268419.6332,
DNK,GDPLTFORECAST,TOT,MLN_USD,A,2035,274047.5811,
DNK,GDPLTFORECAST,TOT,MLN_USD,A,2036,279796.1158,
DNK,GDPLTFORECAST,TOT,MLN_USD,A,2037,285667.8924,
DNK,GDPLTFORECAST,TOT,MLN_USD,A,2038,291664.7159,
DNK,GDPLTFORECAST,TOT,MLN_USD,A,2039,297785.6161,
DNK,GDPLTFORECAST,TOT,MLN_USD,A,2040,304029.0816,
DNK,GDPLTFORECAST,TOT,MLN_USD,A,2041,310396.2108,
DNK,GDPLTFORECAST,TOT,MLN_USD,A,2042,316890.5027,
DNK,GDPLTFORECAST,TOT,MLN_USD,A,2043,323512.8617,
DNK,GDPLTFORECAST,TOT,MLN_USD,A,2044,330258.6058,
DNK,GDPLTFORECAST,TOT,MLN_USD,A,2045,337119.2435,
DNK,GDPLTFORECAST,TOT,MLN_USD,A,2046,344086.1299,
DNK,GDPLTFORECAST,TOT,MLN_USD,A,2047,351152.0876,
DNK,GDPLTFORECAST,TOT,MLN_USD,A,2048,358308.6807,
DNK,GDPLTFORECAST,TOT,MLN_USD,A,2049,365546.2385,
DNK,GDPLTFORECAST,TOT,MLN_USD,A,2050,372854.1871,
FIN,GDPLTFORECAST,TOT,MLN_USD,A,2009,162421.2958,
FIN,GDPLTFORECAST,TOT,MLN_USD,A,2010,167883.5405,
FIN,GDPLTFORECAST,TOT,MLN_USD,A,2011,172625.9711,
FIN,GDPLTFORECAST,TOT,MLN_USD,A,2012,170885.7964,
FIN,GDPLTFORECAST,TOT,MLN_USD,A,2013,168527.4158,
FIN,GDPLTFORECAST,TOT,MLN_USD,A,2014,168893.8047,
FIN,GDPLTFORECAST,TOT,MLN_USD,A,2015,170831.778,
FIN,GDPLTFORECAST,TOT,MLN_USD,A,2016,175733.386,
FIN,GDPLTFORECAST,TOT,MLN_USD,A,2017,181224.7075,
FIN,GDPLTFORECAST,TOT,MLN_USD,A,2018,186707.7405,
FIN,GDPLTFORECAST,TOT,MLN_USD,A,2019,192081.5779,
FIN,GDPLTFORECAST,TOT,MLN_USD,A,2020,197326.0334,
FIN,GDPLTFORECAST,TOT,MLN_USD,A,2021,202448.8118,
FIN,GDPLTFORECAST,TOT,MLN_USD,A,2022,207460.1986,
FIN,GDPLTFORECAST,TOT,MLN_USD,A,2023,212368.0964,
FIN,GDPLTFORECAST,TOT,MLN_USD,A,2024,217183.173,
FIN,GDPLTFORECAST,TOT,MLN_USD,A,2025,221920.7995,
FIN,GDPLTFORECAST,TOT,MLN_USD,A,2026,226600.9654,
FIN,GDPLTFORECAST,TOT,MLN_USD,A,2027,231249.6385,
FIN,GDPLTFORECAST,TOT,MLN_USD,A,2028,235887.6163,
FIN,GDPLTFORECAST,TOT,MLN_USD,A,2029,240525.6483,
FIN,GDPLTFORECAST,TOT,MLN_USD,A,2030,245170.3447,
FIN,GDPLTFORECAST,TOT,MLN_USD,A,2031,249826.691,
FIN,GDPLTFORECAST,TOT,MLN_USD,A,2032,254498.8254,
FIN,GDPLTFORECAST,TOT,MLN_USD,A,2033,259186.7532,
FIN,GDPLTFORECAST,TOT,MLN_USD,A,2034,263884.8653,
FIN,GDPLTFORECAST,TOT,MLN_USD,A,2035,268586.1322,
FIN,GDPLTFORECAST,TOT,MLN_USD,A,2036,273284.0773,
FIN,GDPLTFORECAST,TOT,MLN_USD,A,2037,277974.7001,
FIN,GDPLTFORECAST,TOT,MLN_USD,A,2038,282655.8123,
FIN,GDPLTFORECAST,TOT,MLN_USD,A,2039,287325.5368,
FIN,GDPLTFORECAST,TOT,MLN_USD,A,2040,291983.1793,
FIN,GDPLTFORECAST,TOT,MLN_USD,A,2041,296631.22,
FIN,GDPLTFORECAST,TOT,MLN_USD,A,2042,301275.451,
FIN,GDPLTFORECAST,TOT,MLN_USD,A,2043,305920.7824,
FIN,GDPLTFORECAST,TOT,MLN_USD,A,2044,310572.263,
FIN,GDPLTFORECAST,TOT,MLN_USD,A,2045,315234.9333,
FIN,GDPLTFORECAST,TOT,MLN_USD,A,2046,319914.5201,
FIN,GDPLTFORECAST,TOT,MLN_USD,A,2047,324616.5997,
FIN,GDPLTFORECAST,TOT,MLN_USD,A,2048,329344.1232,
FIN,GDPLTFORECAST,TOT,MLN_USD,A,2049,334098.828,
FIN,GDPLTFORECAST,TOT,MLN_USD,A,2050,338880.6649,
FRA,GDPLTFORECAST,TOT,MLN_USD,A,2009,1887431.208,
FRA,GDPLTFORECAST,TOT,MLN_USD,A,2010,1918564.062,
FRA,GDPLTFORECAST,TOT,MLN_USD,A,2011,1957418.939,
FRA,GDPLTFORECAST,TOT,MLN_USD,A,2012,1958304.86,
FRA,GDPLTFORECAST,TOT,MLN_USD,A,2013,1964263.705,
FRA,GDPLTFORECAST,TOT,MLN_USD,A,2014,1982374.367,
FRA,GDPLTFORECAST,TOT,MLN_USD,A,2015,2012985.776,
FRA,GDPLTFORECAST,TOT,MLN_USD,A,2016,2067430.321,
FRA,GDPLTFORECAST,TOT,MLN_USD,A,2017,2125278.461,
FRA,GDPLTFORECAST,TOT,MLN_USD,A,2018,2181913.658,
FRA,GDPLTFORECAST,TOT,MLN_USD,A,2019,2237657.171,
FRA,GDPLTFORECAST,TOT,MLN_USD,A,2020,2293585.087,
FRA,GDPLTFORECAST,TOT,MLN_USD,A,2021,2350479.041,
FRA,GDPLTFORECAST,TOT,MLN_USD,A,2022,2408749.546,
FRA,GDPLTFORECAST,TOT,MLN_USD,A,2023,2468540.968,
FRA,GDPLTFORECAST,TOT,MLN_USD,A,2024,2529854.36,
FRA,GDPLTFORECAST,TOT,MLN_USD,A,2025,2592588.471,
FRA,GDPLTFORECAST,TOT,MLN_USD,A,2026,2656429.519,
FRA,GDPLTFORECAST,TOT,MLN_USD,A,2027,2720368.64,
FRA,GDPLTFORECAST,TOT,MLN_USD,A,2028,2783993.4,
FRA,GDPLTFORECAST,TOT,MLN_USD,A,2029,2847075.065,
FRA,GDPLTFORECAST,TOT,MLN_USD,A,2030,2909408.559,
FRA,GDPLTFORECAST,TOT,MLN_USD,A,2031,2970847.64,
FRA,GDPLTFORECAST,TOT,MLN_USD,A,2032,3031322.859,
FRA,GDPLTFORECAST,TOT,MLN_USD,A,2033,3090794.467,
FRA,GDPLTFORECAST,TOT,MLN_USD,A,2034,3149230.591,
FRA,GDPLTFORECAST,TOT,MLN_USD,A,2035,3206625.673,
FRA,GDPLTFORECAST,TOT,MLN_USD,A,2036,3263001.694,
FRA,GDPLTFORECAST,TOT,MLN_USD,A,2037,3318430.425,
FRA,GDPLTFORECAST,TOT,MLN_USD,A,2038,3372992.44,
FRA,GDPLTFORECAST,TOT,MLN_USD,A,2039,3426749.479,
FRA,GDPLTFORECAST,TOT,MLN_USD,A,2040,3479769.51,
FRA,GDPLTFORECAST,TOT,MLN_USD,A,2041,3532165.647,
FRA,GDPLTFORECAST,TOT,MLN_USD,A,2042,3584112.873,
FRA,GDPLTFORECAST,TOT,MLN_USD,A,2043,3635782.106,
FRA,GDPLTFORECAST,TOT,MLN_USD,A,2044,3687328.879,
FRA,GDPLTFORECAST,TOT,MLN_USD,A,2045,3738892.511,
FRA,GDPLTFORECAST,TOT,MLN_USD,A,2046,3790613.018,
FRA,GDPLTFORECAST,TOT,MLN_USD,A,2047,3842648.598,
FRA,GDPLTFORECAST,TOT,MLN_USD,A,2048,3895129.355,
FRA,GDPLTFORECAST,TOT,MLN_USD,A,2049,3948161.329,
FRA,GDPLTFORECAST,TOT,MLN_USD,A,2050,4001827.125,
DEU,GDPLTFORECAST,TOT,MLN_USD,A,2009,2633277.157,
DEU,GDPLTFORECAST,TOT,MLN_USD,A,2010,2734833.36,
DEU,GDPLTFORECAST,TOT,MLN_USD,A,2011,2827792.968,
DEU,GDPLTFORECAST,TOT,MLN_USD,A,2012,2853133.949,
DEU,GDPLTFORECAST,TOT,MLN_USD,A,2013,2868466.906,
DEU,GDPLTFORECAST,TOT,MLN_USD,A,2014,2924178.303,
DEU,GDPLTFORECAST,TOT,MLN_USD,A,2015,2984411.778,
DEU,GDPLTFORECAST,TOT,MLN_USD,A,2016,3014819.366,
DEU,GDPLTFORECAST,TOT,MLN_USD,A,2017,3041559.635,
DEU,GDPLTFORECAST,TOT,MLN_USD,A,2018,3070391.414,
DEU,GDPLTFORECAST,TOT,MLN_USD,A,2019,3101104.624,
DEU,GDPLTFORECAST,TOT,MLN_USD,A,2020,3133133.39,
DEU,GDPLTFORECAST,TOT,MLN_USD,A,2021,3165820.17,
DEU,GDPLTFORECAST,TOT,MLN_USD,A,2022,3198683.261,
DEU,GDPLTFORECAST,TOT,MLN_USD,A,2023,3231457.219,
DEU,GDPLTFORECAST,TOT,MLN_USD,A,2024,3264067.754,
DEU,GDPLTFORECAST,TOT,MLN_USD,A,2025,3296555.73,
DEU,GDPLTFORECAST,TOT,MLN_USD,A,2026,3329022.243,
DEU,GDPLTFORECAST,TOT,MLN_USD,A,2027,3361643.658,
DEU,GDPLTFORECAST,TOT,MLN_USD,A,2028,3394561.918,
DEU,GDPLTFORECAST,TOT,MLN_USD,A,2029,3427882.625,
DEU,GDPLTFORECAST,TOT,MLN_USD,A,2030,3461731.201,
DEU,GDPLTFORECAST,TOT,MLN_USD,A,2031,3496269.819,
DEU,GDPLTFORECAST,TOT,MLN_USD,A,2032,3531667.937,
DEU,GDPLTFORECAST,TOT,MLN_USD,A,2033,3568065.298,
DEU,GDPLTFORECAST,TOT,MLN_USD,A,2034,3605526.905,
DEU,GDPLTFORECAST,TOT,MLN_USD,A,2035,3644089.265,
DEU,GDPLTFORECAST,TOT,MLN_USD,A,2036,3683765.828,
DEU,GDPLTFORECAST,TOT,MLN_USD,A,2037,3724527.942,
DEU,GDPLTFORECAST,TOT,MLN_USD,A,2038,3766298.167,
DEU,GDPLTFORECAST,TOT,MLN_USD,A,2039,3808912.231,
DEU,GDPLTFORECAST,TOT,MLN_USD,A,2040,3852184.365,
DEU,GDPLTFORECAST,TOT,MLN_USD,A,2041,3895965.308,
DEU,GDPLTFORECAST,TOT,MLN_USD,A,2042,3940141.629,
DEU,GDPLTFORECAST,TOT,MLN_USD,A,2043,3984614.799,
DEU,GDPLTFORECAST,TOT,MLN_USD,A,2044,4029302.133,
DEU,GDPLTFORECAST,TOT,MLN_USD,A,2045,4074142.456,
DEU,GDPLTFORECAST,TOT,MLN_USD,A,2046,4119111.579,
DEU,GDPLTFORECAST,TOT,MLN_USD,A,2047,4164198.735,
DEU,GDPLTFORECAST,TOT,MLN_USD,A,2048,4209380.516,
DEU,GDPLTFORECAST,TOT,MLN_USD,A,2049,4254616.511,
DEU,GDPLTFORECAST,TOT,MLN_USD,A,2050,4299867.956,
GRC,GDPLTFORECAST,TOT,MLN_USD,A,2009,285479.5768,
GRC,GDPLTFORECAST,TOT,MLN_USD,A,2010,271369.97,
GRC,GDPLTFORECAST,TOT,MLN_USD,A,2011,252089.579,
GRC,GDPLTFORECAST,TOT,MLN_USD,A,2012,234492.2513,
GRC,GDPLTFORECAST,TOT,MLN_USD,A,2013,225452.3122,
GRC,GDPLTFORECAST,TOT,MLN_USD,A,2014,224699.6648,
GRC,GDPLTFORECAST,TOT,MLN_USD,A,2015,228897.2328,
GRC,GDPLTFORECAST,TOT,MLN_USD,A,2016,241078.765,
GRC,GDPLTFORECAST,TOT,MLN_USD,A,2017,253799.1286,
GRC,GDPLTFORECAST,TOT,MLN_USD,A,2018,265433.9578,
GRC,GDPLTFORECAST,TOT,MLN_USD,A,2019,276109.7907,
GRC,GDPLTFORECAST,TOT,MLN_USD,A,2020,286184.9062,
GRC,GDPLTFORECAST,TOT,MLN_USD,A,2021,295911.3652,
GRC,GDPLTFORECAST,TOT,MLN_USD,A,2022,305420.1767,
GRC,GDPLTFORECAST,TOT,MLN_USD,A,2023,314769.5399,
GRC,GDPLTFORECAST,TOT,MLN_USD,A,2024,323996.1861,
GRC,GDPLTFORECAST,TOT,MLN_USD,A,2025,333139.1556,
GRC,GDPLTFORECAST,TOT,MLN_USD,A,2026,342248.8606,
GRC,GDPLTFORECAST,TOT,MLN_USD,A,2027,351399.3622,
GRC,GDPLTFORECAST,TOT,MLN_USD,A,2028,360557.8775,
GRC,GDPLTFORECAST,TOT,MLN_USD,A,2029,369677.6912,
GRC,GDPLTFORECAST,TOT,MLN_USD,A,2030,378806.0468,
GRC,GDPLTFORECAST,TOT,MLN_USD,A,2031,387934.0062,
GRC,GDPLTFORECAST,TOT,MLN_USD,A,2032,397011.3585,
GRC,GDPLTFORECAST,TOT,MLN_USD,A,2033,405960.0644,
GRC,GDPLTFORECAST,TOT,MLN_USD,A,2034,414552.758,
GRC,GDPLTFORECAST,TOT,MLN_USD,A,2035,422718.0374,
GRC,GDPLTFORECAST,TOT,MLN_USD,A,2036,430439.4562,
GRC,GDPLTFORECAST,TOT,MLN_USD,A,2037,437719.8954,
GRC,GDPLTFORECAST,TOT,MLN_USD,A,2038,444574.9018,
GRC,GDPLTFORECAST,TOT,MLN_USD,A,2039,451029.776,
GRC,GDPLTFORECAST,TOT,MLN_USD,A,2040,457116.4838,
GRC,GDPLTFORECAST,TOT,MLN_USD,A,2041,462873.8925,
GRC,GDPLTFORECAST,TOT,MLN_USD,A,2042,468346.9805,
GRC,GDPLTFORECAST,TOT,MLN_USD,A,2043,473578.1955,
GRC,GDPLTFORECAST,TOT,MLN_USD,A,2044,478606.5711,
GRC,GDPLTFORECAST,TOT,MLN_USD,A,2045,483469.5242,
GRC,GDPLTFORECAST,TOT,MLN_USD,A,2046,488205.5323,
GRC,GDPLTFORECAST,TOT,MLN_USD,A,2047,492854.7083,
GRC,GDPLTFORECAST,TOT,MLN_USD,A,2048,497450.363,
GRC,GDPLTFORECAST,TOT,MLN_USD,A,2049,502014.4725,
GRC,GDPLTFORECAST,TOT,MLN_USD,A,2050,506563.0005,
HUN,GDPLTFORECAST,TOT,MLN_USD,A,2009,167710.4267,
HUN,GDPLTFORECAST,TOT,MLN_USD,A,2010,169451.8011,
HUN,GDPLTFORECAST,TOT,MLN_USD,A,2011,172118.5544,
HUN,GDPLTFORECAST,TOT,MLN_USD,A,2012,169158.2178,
HUN,GDPLTFORECAST,TOT,MLN_USD,A,2013,171226.5054,
HUN,GDPLTFORECAST,TOT,MLN_USD,A,2014,174639.7099,
HUN,GDPLTFORECAST,TOT,MLN_USD,A,2015,177471.2338,
HUN,GDPLTFORECAST,TOT,MLN_USD,A,2016,180545.0143,
HUN,GDPLTFORECAST,TOT,MLN_USD,A,2017,183688.9719,
HUN,GDPLTFORECAST,TOT,MLN_USD,A,2018,186890.193,
HUN,GDPLTFORECAST,TOT,MLN_USD,A,2019,190165.0535,
HUN,GDPLTFORECAST,TOT,MLN_USD,A,2020,193527.3596,
HUN,GDPLTFORECAST,TOT,MLN_USD,A,2021,196989.1203,
HUN,GDPLTFORECAST,TOT,MLN_USD,A,2022,200565.8022,
HUN,GDPLTFORECAST,TOT,MLN_USD,A,2023,204273.8653,
HUN,GDPLTFORECAST,TOT,MLN_USD,A,2024,208082.7753,
HUN,GDPLTFORECAST,TOT,MLN_USD,A,2025,212012.2904,
HUN,GDPLTFORECAST,TOT,MLN_USD,A,2026,216082.8417,
HUN,GDPLTFORECAST,TOT,MLN_USD,A,2027,220312.092,
HUN,GDPLTFORECAST,TOT,MLN_USD,A,2028,224710.2139,
HUN,GDPLTFORECAST,TOT,MLN_USD,A,2029,229228.8321,
HUN,GDPLTFORECAST,TOT,MLN_USD,A,2030,233858.6752,
HUN,GDPLTFORECAST,TOT,MLN_USD,A,2031,238608.0156,
HUN,GDPLTFORECAST,TOT,MLN_USD,A,2032,243480.8059,
HUN,GDPLTFORECAST,TOT,MLN_USD,A,2033,248477.39,
HUN,GDPLTFORECAST,TOT,MLN_USD,A,2034,253597.6714,
HUN,GDPLTFORECAST,TOT,MLN_USD,A,2035,258840.6525,
HUN,GDPLTFORECAST,TOT,MLN_USD,A,2036,264202.7616,
HUN,GDPLTFORECAST,TOT,MLN_USD,A,2037,269677.0429,
HUN,GDPLTFORECAST,TOT,MLN_USD,A,2038,275254.0986,
HUN,GDPLTFORECAST,TOT,MLN_USD,A,2039,280922.7949,
HUN,GDPLTFORECAST,TOT,MLN_USD,A,2040,286670.7502,
HUN,GDPLTFORECAST,TOT,MLN_USD,A,2041,292486.1148,
HUN,GDPLTFORECAST,TOT,MLN_USD,A,2042,298356.9708,
HUN,GDPLTFORECAST,TOT,MLN_USD,A,2043,304269.0117,
HUN,GDPLTFORECAST,TOT,MLN_USD,A,2044,310205.4584,
HUN,GDPLTFORECAST,TOT,MLN_USD,A,2045,316149.0587,
HUN,GDPLTFORECAST,TOT,MLN_USD,A,2046,322085.9036,
HUN,GDPLTFORECAST,TOT,MLN_USD,A,2047,328007.4812,
HUN,GDPLTFORECAST,TOT,MLN_USD,A,2048,333908.8415,
HUN,GDPLTFORECAST,TOT,MLN_USD,A,2049,339789.2817,
HUN,GDPLTFORECAST,TOT,MLN_USD,A,2050,345652.0635,
ISL,GDPLTFORECAST,TOT,MLN_USD,A,2009,10862.75912,
ISL,GDPLTFORECAST,TOT,MLN_USD,A,2010,10417.51815,
ISL,GDPLTFORECAST,TOT,MLN_USD,A,2011,10694.12336,
ISL,GDPLTFORECAST,TOT,MLN_USD,A,2012,10850.57406,
ISL,GDPLTFORECAST,TOT,MLN_USD,A,2013,11204.6196,
ISL,GDPLTFORECAST,TOT,MLN_USD,A,2014,11503.3468,
ISL,GDPLTFORECAST,TOT,MLN_USD,A,2015,11866.95748,
ISL,GDPLTFORECAST,TOT,MLN_USD,A,2016,11991.9118,
ISL,GDPLTFORECAST,TOT,MLN_USD,A,2017,12110.59113,
ISL,GDPLTFORECAST,TOT,MLN_USD,A,2018,12254.42074,
ISL,GDPLTFORECAST,TOT,MLN_USD,A,2019,12429.42666,
ISL,GDPLTFORECAST,TOT,MLN_USD,A,2020,12634.0138,
ISL,GDPLTFORECAST,TOT,MLN_USD,A,2021,12864.78107,
ISL,GDPLTFORECAST,TOT,MLN_USD,A,2022,13118.48723,
ISL,GDPLTFORECAST,TOT,MLN_USD,A,2023,13392.5061,
ISL,GDPLTFORECAST,TOT,MLN_USD,A,2024,13684.83475,
ISL,GDPLTFORECAST,TOT,MLN_USD,A,2025,13993.97112,
ISL,GDPLTFORECAST,TOT,MLN_USD,A,2026,14318.91473,
ISL,GDPLTFORECAST,TOT,MLN_USD,A,2027,14659.04358,
ISL,GDPLTFORECAST,TOT,MLN_USD,A,2028,15013.68905,
ISL,GDPLTFORECAST,TOT,MLN_USD,A,2029,15381.96438,
ISL,GDPLTFORECAST,TOT,MLN_USD,A,2030,15763.02562,
ISL,GDPLTFORECAST,TOT,MLN_USD,A,2031,16156.22431,
ISL,GDPLTFORECAST,TOT,MLN_USD,A,2032,16560.73628,
ISL,GDPLTFORECAST,TOT,MLN_USD,A,2033,16974.68019,
ISL,GDPLTFORECAST,TOT,MLN_USD,A,2034,17393.03126,
ISL,GDPLTFORECAST,TOT,MLN_USD,A,2035,17811.62779,
ISL,GDPLTFORECAST,TOT,MLN_USD,A,2036,18229.35594,
ISL,GDPLTFORECAST,TOT,MLN_USD,A,2037,18645.46045,
ISL,GDPLTFORECAST,TOT,MLN_USD,A,2038,19059.33041,
ISL,GDPLTFORECAST,TOT,MLN_USD,A,2039,19470.34218,
ISL,GDPLTFORECAST,TOT,MLN_USD,A,2040,19877.94743,
ISL,GDPLTFORECAST,TOT,MLN_USD,A,2041,20281.86728,
ISL,GDPLTFORECAST,TOT,MLN_USD,A,2042,20682.25282,
ISL,GDPLTFORECAST,TOT,MLN_USD,A,2043,21079.2929,
ISL,GDPLTFORECAST,TOT,MLN_USD,A,2044,21473.1429,
ISL,GDPLTFORECAST,TOT,MLN_USD,A,2045,21863.95492,
ISL,GDPLTFORECAST,TOT,MLN_USD,A,2046,22252.05863,
ISL,GDPLTFORECAST,TOT,MLN_USD,A,2047,22638.14202,
ISL,GDPLTFORECAST,TOT,MLN_USD,A,2048,23022.9209,
ISL,GDPLTFORECAST,TOT,MLN_USD,A,2049,23407.08826,
ISL,GDPLTFORECAST,TOT,MLN_USD,A,2050,23791.26956,
IRL,GDPLTFORECAST,TOT,MLN_USD,A,2009,163498.8812,
IRL,GDPLTFORECAST,TOT,MLN_USD,A,2010,161743.2562,
IRL,GDPLTFORECAST,TOT,MLN_USD,A,2011,165252.2421,
IRL,GDPLTFORECAST,TOT,MLN_USD,A,2012,165505.037,
IRL,GDPLTFORECAST,TOT,MLN_USD,A,2013,164949.5591,
IRL,GDPLTFORECAST,TOT,MLN_USD,A,2014,168026.8905,
IRL,GDPLTFORECAST,TOT,MLN_USD,A,2015,171657.9508,
IRL,GDPLTFORECAST,TOT,MLN_USD,A,2016,177317.4265,
IRL,GDPLTFORECAST,TOT,MLN_USD,A,2017,183113.7937,
IRL,GDPLTFORECAST,TOT,MLN_USD,A,2018,188612.0179,
IRL,GDPLTFORECAST,TOT,MLN_USD,A,2019,193983.0309,
IRL,GDPLTFORECAST,TOT,MLN_USD,A,2020,199457.499,
IRL,GDPLTFORECAST,TOT,MLN_USD,A,2021,205179.2515,
IRL,GDPLTFORECAST,TOT,MLN_USD,A,2022,211206.7618,
IRL,GDPLTFORECAST,TOT,MLN_USD,A,2023,217541.4567,
IRL,GDPLTFORECAST,TOT,MLN_USD,A,2024,224154.6309,
IRL,GDPLTFORECAST,TOT,MLN_USD,A,2025,230985.994,
IRL,GDPLTFORECAST,TOT,MLN_USD,A,2026,237960.3906,
IRL,GDPLTFORECAST,TOT,MLN_USD,A,2027,244932.381,
IRL,GDPLTFORECAST,TOT,MLN_USD,A,2028,251843.1895,
IRL,GDPLTFORECAST,TOT,MLN_USD,A,2029,258637.2729,
IRL,GDPLTFORECAST,TOT,MLN_USD,A,2030,265263.9786,
IRL,GDPLTFORECAST,TOT,MLN_USD,A,2031,271679.9031,
IRL,GDPLTFORECAST,TOT,MLN_USD,A,2032,277849.77,
IRL,GDPLTFORECAST,TOT,MLN_USD,A,2033,283744.6521,
IRL,GDPLTFORECAST,TOT,MLN_USD,A,2034,289342.8666,
IRL,GDPLTFORECAST,TOT,MLN_USD,A,2035,294630.0929,
IRL,GDPLTFORECAST,TOT,MLN_USD,A,2036,299599.471,
IRL,GDPLTFORECAST,TOT,MLN_USD,A,2037,304253.9946,
IRL,GDPLTFORECAST,TOT,MLN_USD,A,2038,308605.3089,
IRL,GDPLTFORECAST,TOT,MLN_USD,A,2039,312675.2817,
IRL,GDPLTFORECAST,TOT,MLN_USD,A,2040,316493.2166,
IRL,GDPLTFORECAST,TOT,MLN_USD,A,2041,320095.6394,
IRL,GDPLTFORECAST,TOT,MLN_USD,A,2042,323526.4669,
IRL,GDPLTFORECAST,TOT,MLN_USD,A,2043,326833.4475,
IRL,GDPLTFORECAST,TOT,MLN_USD,A,2044,330070.2159,
IRL,GDPLTFORECAST,TOT,MLN_USD,A,2045,333291.9303,
IRL,GDPLTFORECAST,TOT,MLN_USD,A,2046,336553.6856,
IRL,GDPLTFORECAST,TOT,MLN_USD,A,2047,339909.1373,
IRL,GDPLTFORECAST,TOT,MLN_USD,A,2048,343403.89,
IRL,GDPLTFORECAST,TOT,MLN_USD,A,2049,347072.4761,
IRL,GDPLTFORECAST,TOT,MLN_USD,A,2050,350940.7571,
ITA,GDPLTFORECAST,TOT,MLN_USD,A,2009,1607915.091,
ITA,GDPLTFORECAST,TOT,MLN_USD,A,2010,1634975.726,
ITA,GDPLTFORECAST,TOT,MLN_USD,A,2011,1644416.381,
ITA,GDPLTFORECAST,TOT,MLN_USD,A,2012,1605073.722,
ITA,GDPLTFORECAST,TOT,MLN_USD,A,2013,1575461.382,
ITA,GDPLTFORECAST,TOT,MLN_USD,A,2014,1583712.582,
ITA,GDPLTFORECAST,TOT,MLN_USD,A,2015,1601474.779,
ITA,GDPLTFORECAST,TOT,MLN_USD,A,2016,1629795.184,
ITA,GDPLTFORECAST,TOT,MLN_USD,A,2017,1660177.962,
ITA,GDPLTFORECAST,TOT,MLN_USD,A,2018,1690145.242,
ITA,GDPLTFORECAST,TOT,MLN_USD,A,2019,1720704.838,
ITA,GDPLTFORECAST,TOT,MLN_USD,A,2020,1753072.896,
ITA,GDPLTFORECAST,TOT,MLN_USD,A,2021,1787313.453,
ITA,GDPLTFORECAST,TOT,MLN_USD,A,2022,1823610.128,
ITA,GDPLTFORECAST,TOT,MLN_USD,A,2023,1862063.167,
ITA,GDPLTFORECAST,TOT,MLN_USD,A,2024,1902596.846,
ITA,GDPLTFORECAST,TOT,MLN_USD,A,2025,1944888.393,
ITA,GDPLTFORECAST,TOT,MLN_USD,A,2026,1988480.997,
ITA,GDPLTFORECAST,TOT,MLN_USD,A,2027,2032516.205,
ITA,GDPLTFORECAST,TOT,MLN_USD,A,2028,2076313.362,
ITA,GDPLTFORECAST,TOT,MLN_USD,A,2029,2119727.646,
ITA,GDPLTFORECAST,TOT,MLN_USD,A,2030,2162666.138,
ITA,GDPLTFORECAST,TOT,MLN_USD,A,2031,2205088.761,
ITA,GDPLTFORECAST,TOT,MLN_USD,A,2032,2246999.296,
ITA,GDPLTFORECAST,TOT,MLN_USD,A,2033,2288427.486,
ITA,GDPLTFORECAST,TOT,MLN_USD,A,2034,2329436.282,
ITA,GDPLTFORECAST,TOT,MLN_USD,A,2035,2370124.956,
ITA,GDPLTFORECAST,TOT,MLN_USD,A,2036,2410615.416,
ITA,GDPLTFORECAST,TOT,MLN_USD,A,2037,2451047.87,
ITA,GDPLTFORECAST,TOT,MLN_USD,A,2038,2491557.87,
ITA,GDPLTFORECAST,TOT,MLN_USD,A,2039,2532256.717,
ITA,GDPLTFORECAST,TOT,MLN_USD,A,2040,2573250.611,
ITA,GDPLTFORECAST,TOT,MLN_USD,A,2041,2614665.936,
ITA,GDPLTFORECAST,TOT,MLN_USD,A,2042,2656655.652,
ITA,GDPLTFORECAST,TOT,MLN_USD,A,2043,2699345.531,
ITA,GDPLTFORECAST,TOT,MLN_USD,A,2044,2742812.83,
ITA,GDPLTFORECAST,TOT,MLN_USD,A,2045,2787110.747,
ITA,GDPLTFORECAST,TOT,MLN_USD,A,2046,2832295.587,
ITA,GDPLTFORECAST,TOT,MLN_USD,A,2047,2878446.656,
ITA,GDPLTFORECAST,TOT,MLN_USD,A,2048,2925622.024,
ITA,GDPLTFORECAST,TOT,MLN_USD,A,2049,2973844.437,
ITA,GDPLTFORECAST,TOT,MLN_USD,A,2050,3023124.09,
JPN,GDPLTFORECAST,TOT,MLN_USD,A,2009,3778922.513,
JPN,GDPLTFORECAST,TOT,MLN_USD,A,2010,3954720.339,
JPN,GDPLTFORECAST,TOT,MLN_USD,A,2011,3936815.498,
JPN,GDPLTFORECAST,TOT,MLN_USD,A,2012,3993781.344,
JPN,GDPLTFORECAST,TOT,MLN_USD,A,2013,4055263.487,
JPN,GDPLTFORECAST,TOT,MLN_USD,A,2014,4102489.597,
JPN,GDPLTFORECAST,TOT,MLN_USD,A,2015,4153567.418,
JPN,GDPLTFORECAST,TOT,MLN_USD,A,2016,4180767.313,
JPN,GDPLTFORECAST,TOT,MLN_USD,A,2017,4207533.088,
JPN,GDPLTFORECAST,TOT,MLN_USD,A,2018,4239478.543,
JPN,GDPLTFORECAST,TOT,MLN_USD,A,2019,4276710.143,
JPN,GDPLTFORECAST,TOT,MLN_USD,A,2020,4318234.126,
JPN,GDPLTFORECAST,TOT,MLN_USD,A,2021,4363145.456,
JPN,GDPLTFORECAST,TOT,MLN_USD,A,2022,4410917.152,
JPN,GDPLTFORECAST,TOT,MLN_USD,A,2023,4461319.026,
JPN,GDPLTFORECAST,TOT,MLN_USD,A,2024,4514247.827,
JPN,GDPLTFORECAST,TOT,MLN_USD,A,2025,4569634.819,
JPN,GDPLTFORECAST,TOT,MLN_USD,A,2026,4627425.032,
JPN,GDPLTFORECAST,TOT,MLN_USD,A,2027,4687532.265,
JPN,GDPLTFORECAST,TOT,MLN_USD,A,2028,4749716.531,
JPN,GDPLTFORECAST,TOT,MLN_USD,A,2029,4813565.723,
JPN,GDPLTFORECAST,TOT,MLN_USD,A,2030,4878613.067,
JPN,GDPLTFORECAST,TOT,MLN_USD,A,2031,4943825.573,
JPN,GDPLTFORECAST,TOT,MLN_USD,A,2032,5007900.478,
JPN,GDPLTFORECAST,TOT,MLN_USD,A,2033,5070831.318,
JPN,GDPLTFORECAST,TOT,MLN_USD,A,2034,5132656.584,
JPN,GDPLTFORECAST,TOT,MLN_USD,A,2035,5193429.261,
JPN,GDPLTFORECAST,TOT,MLN_USD,A,2036,5253188.898,
JPN,GDPLTFORECAST,TOT,MLN_USD,A,2037,5311989.899,
JPN,GDPLTFORECAST,TOT,MLN_USD,A,2038,5369880.657,
JPN,GDPLTFORECAST,TOT,MLN_USD,A,2039,5426943.088,
JPN,GDPLTFORECAST,TOT,MLN_USD,A,2040,5483320.335,
JPN,GDPLTFORECAST,TOT,MLN_USD,A,2041,5539277.622,
JPN,GDPLTFORECAST,TOT,MLN_USD,A,2042,5595241.385,
JPN,GDPLTFORECAST,TOT,MLN_USD,A,2043,5651659.989,
JPN,GDPLTFORECAST,TOT,MLN_USD,A,2044,5708980.594,
JPN,GDPLTFORECAST,TOT,MLN_USD,A,2045,5767656.274,
JPN,GDPLTFORECAST,TOT,MLN_USD,A,2046,5828187.941,
JPN,GDPLTFORECAST,TOT,MLN_USD,A,2047,5891175.248,
JPN,GDPLTFORECAST,TOT,MLN_USD,A,2048,5957180.848,
JPN,GDPLTFORECAST,TOT,MLN_USD,A,2049,6026671.456,
JPN,GDPLTFORECAST,TOT,MLN_USD,A,2050,6100026.792,
KOR,GDPLTFORECAST,TOT,MLN_USD,A,2009,1339234.102,
KOR,GDPLTFORECAST,TOT,MLN_USD,A,2010,1426241.377,
KOR,GDPLTFORECAST,TOT,MLN_USD,A,2011,1478751.143,
KOR,GDPLTFORECAST,TOT,MLN_USD,A,2012,1512649.889,
KOR,GDPLTFORECAST,TOT,MLN_USD,A,2013,1557592.384,
KOR,GDPLTFORECAST,TOT,MLN_USD,A,2014,1619242.8,
KOR,GDPLTFORECAST,TOT,MLN_USD,A,2015,1687187.708,
KOR,GDPLTFORECAST,TOT,MLN_USD,A,2016,1748435.844,
KOR,GDPLTFORECAST,TOT,MLN_USD,A,2017,1808173.117,
KOR,GDPLTFORECAST,TOT,MLN_USD,A,2018,1867937.879,
KOR,GDPLTFORECAST,TOT,MLN_USD,A,2019,1928046.495,
KOR,GDPLTFORECAST,TOT,MLN_USD,A,2020,1988401.911,
KOR,GDPLTFORECAST,TOT,MLN_USD,A,2021,2048784.982,
KOR,GDPLTFORECAST,TOT,MLN_USD,A,2022,2108969.479,
KOR,GDPLTFORECAST,TOT,MLN_USD,A,2023,2168769.048,
KOR,GDPLTFORECAST,TOT,MLN_USD,A,2024,2228076.759,
KOR,GDPLTFORECAST,TOT,MLN_USD,A,2025,2286822.186,
KOR,GDPLTFORECAST,TOT,MLN_USD,A,2026,2344952.065,
KOR,GDPLTFORECAST,TOT,MLN_USD,A,2027,2402444.791,
KOR,GDPLTFORECAST,TOT,MLN_USD,A,2028,2459291.331,
KOR,GDPLTFORECAST,TOT,MLN_USD,A,2029,2515511.386,
KOR,GDPLTFORECAST,TOT,MLN_USD,A,2030,2571135.332,
KOR,GDPLTFORECAST,TOT,MLN_USD,A,2031,2626204.369,
KOR,GDPLTFORECAST,TOT,MLN_USD,A,2032,2680784.28,
KOR,GDPLTFORECAST,TOT,MLN_USD,A,2033,2734949.834,
KOR,GDPLTFORECAST,TOT,MLN_USD,A,2034,2788780.955,
KOR,GDPLTFORECAST,TOT,MLN_USD,A,2035,2842353.654,
KOR,GDPLTFORECAST,TOT,MLN_USD,A,2036,2895739.415,
KOR,GDPLTFORECAST,TOT,MLN_USD,A,2037,2949012.604,
KOR,GDPLTFORECAST,TOT,MLN_USD,A,2038,3002226.033,
KOR,GDPLTFORECAST,TOT,MLN_USD,A,2039,3055386.528,
KOR,GDPLTFORECAST,TOT,MLN_USD,A,2040,3108469.182,
KOR,GDPLTFORECAST,TOT,MLN_USD,A,2041,3161435.614,
KOR,GDPLTFORECAST,TOT,MLN_USD,A,2042,3214255.279,
KOR,GDPLTFORECAST,TOT,MLN_USD,A,2043,3266895.318,
KOR,GDPLTFORECAST,TOT,MLN_USD,A,2044,3319308.371,
KOR,GDPLTFORECAST,TOT,MLN_USD,A,2045,3371451.937,
KOR,GDPLTFORECAST,TOT,MLN_USD,A,2046,3423307.455,
KOR,GDPLTFORECAST,TOT,MLN_USD,A,2047,3474898.213,
KOR,GDPLTFORECAST,TOT,MLN_USD,A,2048,3526263.696,
KOR,GDPLTFORECAST,TOT,MLN_USD,A,2049,3577428.532,
KOR,GDPLTFORECAST,TOT,MLN_USD,A,2050,3628422.72,
LUX,GDPLTFORECAST,TOT,MLN_USD,A,2009,33287.40507,
LUX,GDPLTFORECAST,TOT,MLN_USD,A,2010,34320.53418,
LUX,GDPLTFORECAST,TOT,MLN_USD,A,2011,34979.91122,
LUX,GDPLTFORECAST,TOT,MLN_USD,A,2012,34922.37821,
LUX,GDPLTFORECAST,TOT,MLN_USD,A,2013,35671.30538,
LUX,GDPLTFORECAST,TOT,MLN_USD,A,2014,36658.05848,
LUX,GDPLTFORECAST,TOT,MLN_USD,A,2015,37561.86153,
LUX,GDPLTFORECAST,TOT,MLN_USD,A,2016,38908.67095,
LUX,GDPLTFORECAST,TOT,MLN_USD,A,2017,40229.36942,
LUX,GDPLTFORECAST,TOT,MLN_USD,A,2018,41439.67534,
LUX,GDPLTFORECAST,TOT,MLN_USD,A,2019,42558.47855,
LUX,GDPLTFORECAST,TOT,MLN_USD,A,2020,43619.78,
LUX,GDPLTFORECAST,TOT,MLN_USD,A,2021,44649.30219,
LUX,GDPLTFORECAST,TOT,MLN_USD,A,2022,45662.40404,
LUX,GDPLTFORECAST,TOT,MLN_USD,A,2023,46667.22356,
LUX,GDPLTFORECAST,TOT,MLN_USD,A,2024,47668.54236,
LUX,GDPLTFORECAST,TOT,MLN_USD,A,2025,48668.89311,
LUX,GDPLTFORECAST,TOT,MLN_USD,A,2026,49669.41499,
LUX,GDPLTFORECAST,TOT,MLN_USD,A,2027,50670.86919,
LUX,GDPLTFORECAST,TOT,MLN_USD,A,2028,51672.92784,
LUX,GDPLTFORECAST,TOT,MLN_USD,A,2029,52674.68732,
LUX,GDPLTFORECAST,TOT,MLN_USD,A,2030,53675.44547,
LUX,GDPLTFORECAST,TOT,MLN_USD,A,2031,54674.96945,
LUX,GDPLTFORECAST,TOT,MLN_USD,A,2032,55673.47176,
LUX,GDPLTFORECAST,TOT,MLN_USD,A,2033,56671.45677,
LUX,GDPLTFORECAST,TOT,MLN_USD,A,2034,57669.81921,
LUX,GDPLTFORECAST,TOT,MLN_USD,A,2035,58669.95754,
LUX,GDPLTFORECAST,TOT,MLN_USD,A,2036,59673.74269,
LUX,GDPLTFORECAST,TOT,MLN_USD,A,2037,60683.38217,
LUX,GDPLTFORECAST,TOT,MLN_USD,A,2038,61701.28336,
LUX,GDPLTFORECAST,TOT,MLN_USD,A,2039,62729.69067,
LUX,GDPLTFORECAST,TOT,MLN_USD,A,2040,63770.6734,
LUX,GDPLTFORECAST,TOT,MLN_USD,A,2041,64826.16306,
LUX,GDPLTFORECAST,TOT,MLN_USD,A,2042,65897.17792,
LUX,GDPLTFORECAST,TOT,MLN_USD,A,2043,66983.55353,
LUX,GDPLTFORECAST,TOT,MLN_USD,A,2044,68084.03119,
LUX,GDPLTFORECAST,TOT,MLN_USD,A,2045,69196.9417,
LUX,GDPLTFORECAST,TOT,MLN_USD,A,2046,70321.12759,
LUX,GDPLTFORECAST,TOT,MLN_USD,A,2047,71456.42419,
LUX,GDPLTFORECAST,TOT,MLN_USD,A,2048,72602.76946,
LUX,GDPLTFORECAST,TOT,MLN_USD,A,2049,73759.69795,
LUX,GDPLTFORECAST,TOT,MLN_USD,A,2050,74926.48568,
MEX,GDPLTFORECAST,TOT,MLN_USD,A,2009,1385531.66,
MEX,GDPLTFORECAST,TOT,MLN_USD,A,2010,1456545.274,
MEX,GDPLTFORECAST,TOT,MLN_USD,A,2011,1514382.903,
MEX,GDPLTFORECAST,TOT,MLN_USD,A,2012,1569927.673,
MEX,GDPLTFORECAST,TOT,MLN_USD,A,2013,1590656.238,
MEX,GDPLTFORECAST,TOT,MLN_USD,A,2014,1644066.485,
MEX,GDPLTFORECAST,TOT,MLN_USD,A,2015,1711549.853,
MEX,GDPLTFORECAST,TOT,MLN_USD,A,2016,1762777.482,
MEX,GDPLTFORECAST,TOT,MLN_USD,A,2017,1811027.876,
MEX,GDPLTFORECAST,TOT,MLN_USD,A,2018,1859840.709,
MEX,GDPLTFORECAST,TOT,MLN_USD,A,2019,1910190.65,
MEX,GDPLTFORECAST,TOT,MLN_USD,A,2020,1962329.551,
MEX,GDPLTFORECAST,TOT,MLN_USD,A,2021,2016379.077,
MEX,GDPLTFORECAST,TOT,MLN_USD,A,2022,2072516.982,
MEX,GDPLTFORECAST,TOT,MLN_USD,A,2023,2130823.838,
MEX,GDPLTFORECAST,TOT,MLN_USD,A,2024,2191311.989,
MEX,GDPLTFORECAST,TOT,MLN_USD,A,2025,2254401.572,
MEX,GDPLTFORECAST,TOT,MLN_USD,A,2026,2320551.243,
MEX,GDPLTFORECAST,TOT,MLN_USD,A,2027,2390235.1,
MEX,GDPLTFORECAST,TOT,MLN_USD,A,2028,2463888.512,
MEX,GDPLTFORECAST,TOT,MLN_USD,A,2029,2541888.732,
MEX,GDPLTFORECAST,TOT,MLN_USD,A,2030,2624555.523,
MEX,GDPLTFORECAST,TOT,MLN_USD,A,2031,2712143.078,
MEX,GDPLTFORECAST,TOT,MLN_USD,A,2032,2804827.341,
MEX,GDPLTFORECAST,TOT,MLN_USD,A,2033,2902695.54,
MEX,GDPLTFORECAST,TOT,MLN_USD,A,2034,3005753.853,
MEX,GDPLTFORECAST,TOT,MLN_USD,A,2035,3113926.144,
MEX,GDPLTFORECAST,TOT,MLN_USD,A,2036,3227054.872,
MEX,GDPLTFORECAST,TOT,MLN_USD,A,2037,3344911.915,
MEX,GDPLTFORECAST,TOT,MLN_USD,A,2038,3467217.105,
MEX,GDPLTFORECAST,TOT,MLN_USD,A,2039,3593666.241,
MEX,GDPLTFORECAST,TOT,MLN_USD,A,2040,3723936.547,
MEX,GDPLTFORECAST,TOT,MLN_USD,A,2041,3857712.237,
MEX,GDPLTFORECAST,TOT,MLN_USD,A,2042,3994697.41,
MEX,GDPLTFORECAST,TOT,MLN_USD,A,2043,4134597.568,
MEX,GDPLTFORECAST,TOT,MLN_USD,A,2044,4277132.205,
MEX,GDPLTFORECAST,TOT,MLN_USD,A,2045,4422032.558,
MEX,GDPLTFORECAST,TOT,MLN_USD,A,2046,4568869.156,
MEX,GDPLTFORECAST,TOT,MLN_USD,A,2047,4716912.795,
MEX,GDPLTFORECAST,TOT,MLN_USD,A,2048,4866058.341,
MEX,GDPLTFORECAST,TOT,MLN_USD,A,2049,5016213.987,
MEX,GDPLTFORECAST,TOT,MLN_USD,A,2050,5167305.184,
NLD,GDPLTFORECAST,TOT,MLN_USD,A,2009,604137.9998,
NLD,GDPLTFORECAST,TOT,MLN_USD,A,2010,613010.3685,
NLD,GDPLTFORECAST,TOT,MLN_USD,A,2011,619269.0155,
NLD,GDPLTFORECAST,TOT,MLN_USD,A,2012,611440.1266,
NLD,GDPLTFORECAST,TOT,MLN_USD,A,2013,606700.3845,
NLD,GDPLTFORECAST,TOT,MLN_USD,A,2014,612504.4418,
NLD,GDPLTFORECAST,TOT,MLN_USD,A,2015,620347.36,
NLD,GDPLTFORECAST,TOT,MLN_USD,A,2016,638637.3751,
NLD,GDPLTFORECAST,TOT,MLN_USD,A,2017,658393.7597,
NLD,GDPLTFORECAST,TOT,MLN_USD,A,2018,677593.8298,
NLD,GDPLTFORECAST,TOT,MLN_USD,A,2019,696273.3759,
NLD,GDPLTFORECAST,TOT,MLN_USD,A,2020,714784.9578,
NLD,GDPLTFORECAST,TOT,MLN_USD,A,2021,733252.3536,
NLD,GDPLTFORECAST,TOT,MLN_USD,A,2022,751675.8916,
NLD,GDPLTFORECAST,TOT,MLN_USD,A,2023,770094.4278,
NLD,GDPLTFORECAST,TOT,MLN_USD,A,2024,788516.9292,
NLD,GDPLTFORECAST,TOT,MLN_USD,A,2025,806940.894,
NLD,GDPLTFORECAST,TOT,MLN_USD,A,2026,825362.2425,
NLD,GDPLTFORECAST,TOT,MLN_USD,A,2027,843792.3099,
NLD,GDPLTFORECAST,TOT,MLN_USD,A,2028,862236.6911,
NLD,GDPLTFORECAST,TOT,MLN_USD,A,2029,880697.8084,
NLD,GDPLTFORECAST,TOT,MLN_USD,A,2030,899186.1119,
NLD,GDPLTFORECAST,TOT,MLN_USD,A,2031,917721.9984,
NLD,GDPLTFORECAST,TOT,MLN_USD,A,2032,936330.0612,
NLD,GDPLTFORECAST,TOT,MLN_USD,A,2033,955031.7656,
NLD,GDPLTFORECAST,TOT,MLN_USD,A,2034,973840.6884,
NLD,GDPLTFORECAST,TOT,MLN_USD,A,2035,992769.9474,
NLD,GDPLTFORECAST,TOT,MLN_USD,A,2036,1011835.051,
NLD,GDPLTFORECAST,TOT,MLN_USD,A,2037,1031055.576,
NLD,GDPLTFORECAST,TOT,MLN_USD,A,2038,1050447.452,
NLD,GDPLTFORECAST,TOT,MLN_USD,A,2039,1070009.722,
NLD,GDPLTFORECAST,TOT,MLN_USD,A,2040,1089737.732,
NLD,GDPLTFORECAST,TOT,MLN_USD,A,2041,1109638.143,
NLD,GDPLTFORECAST,TOT,MLN_USD,A,2042,1129730.131,
NLD,GDPLTFORECAST,TOT,MLN_USD,A,2043,1150029.72,
NLD,GDPLTFORECAST,TOT,MLN_USD,A,2044,1170541.287,
NLD,GDPLTFORECAST,TOT,MLN_USD,A,2045,1191261.862,
NLD,GDPLTFORECAST,TOT,MLN_USD,A,2046,1212190.931,
NLD,GDPLTFORECAST,TOT,MLN_USD,A,2047,1233331.056,
NLD,GDPLTFORECAST,TOT,MLN_USD,A,2048,1254677.035,
NLD,GDPLTFORECAST,TOT,MLN_USD,A,2049,1276213.266,
NLD,GDPLTFORECAST,TOT,MLN_USD,A,2050,1297916.793,
NZL,GDPLTFORECAST,TOT,MLN_USD,A,2009,109802.8914,
NZL,GDPLTFORECAST,TOT,MLN_USD,A,2010,111800.7788,
NZL,GDPLTFORECAST,TOT,MLN_USD,A,2011,113138.1496,
NZL,GDPLTFORECAST,TOT,MLN_USD,A,2012,116449.29,
NZL,GDPLTFORECAST,TOT,MLN_USD,A,2013,119366.7656,
NZL,GDPLTFORECAST,TOT,MLN_USD,A,2014,123521.4568,
NZL,GDPLTFORECAST,TOT,MLN_USD,A,2015,127537.3442,
NZL,GDPLTFORECAST,TOT,MLN_USD,A,2016,130538.397,
NZL,GDPLTFORECAST,TOT,MLN_USD,A,2017,133536.767,
NZL,GDPLTFORECAST,TOT,MLN_USD,A,2018,136761.7438,
NZL,GDPLTFORECAST,TOT,MLN_USD,A,2019,140221.5007,
NZL,GDPLTFORECAST,TOT,MLN_USD,A,2020,143871.8487,
NZL,GDPLTFORECAST,TOT,MLN_USD,A,2021,147666.5849,
NZL,GDPLTFORECAST,TOT,MLN_USD,A,2022,151570.7669,
NZL,GDPLTFORECAST,TOT,MLN_USD,A,2023,155560.53,
NZL,GDPLTFORECAST,TOT,MLN_USD,A,2024,159621.8539,
NZL,GDPLTFORECAST,TOT,MLN_USD,A,2025,163747.5031,
NZL,GDPLTFORECAST,TOT,MLN_USD,A,2026,167935.6776,
NZL,GDPLTFORECAST,TOT,MLN_USD,A,2027,172188.4227,
NZL,GDPLTFORECAST,TOT,MLN_USD,A,2028,176507.0175,
NZL,GDPLTFORECAST,TOT,MLN_USD,A,2029,180890.4455,
NZL,GDPLTFORECAST,TOT,MLN_USD,A,2030,185337.8493,
NZL,GDPLTFORECAST,TOT,MLN_USD,A,2031,189849.7962,
NZL,GDPLTFORECAST,TOT,MLN_USD,A,2032,194429.0505,
NZL,GDPLTFORECAST,TOT,MLN_USD,A,2033,199079.1779,
NZL,GDPLTFORECAST,TOT,MLN_USD,A,2034,203803.7842,
NZL,GDPLTFORECAST,TOT,MLN_USD,A,2035,208606.5505,
NZL,GDPLTFORECAST,TOT,MLN_USD,A,2036,213490.7024,
NZL,GDPLTFORECAST,TOT,MLN_USD,A,2037,218458.8753,
NZL,GDPLTFORECAST,TOT,MLN_USD,A,2038,223511.9478,
NZL,GDPLTFORECAST,TOT,MLN_USD,A,2039,228648.0293,
NZL,GDPLTFORECAST,TOT,MLN_USD,A,2040,233864.5548,
NZL,GDPLTFORECAST,TOT,MLN_USD,A,2041,239161.0066,
NZL,GDPLTFORECAST,TOT,MLN_USD,A,2042,244540.777,
NZL,GDPLTFORECAST,TOT,MLN_USD,A,2043,250006.3929,
NZL,GDPLTFORECAST,TOT,MLN_USD,A,2044,255557.3226,
NZL,GDPLTFORECAST,TOT,MLN_USD,A,2045,261191.106,
NZL,GDPLTFORECAST,TOT,MLN_USD,A,2046,266905.4923,
NZL,GDPLTFORECAST,TOT,MLN_USD,A,2047,272700.5512,
NZL,GDPLTFORECAST,TOT,MLN_USD,A,2048,278575.7336,
NZL,GDPLTFORECAST,TOT,MLN_USD,A,2049,284529.4478,
NZL,GDPLTFORECAST,TOT,MLN_USD,A,2050,290558.9602,
NOR,GDPLTFORECAST,TOT,MLN_USD,A,2009,267879.5275,
NOR,GDPLTFORECAST,TOT,MLN_USD,A,2010,269160.3913,
NOR,GDPLTFORECAST,TOT,MLN_USD,A,2011,272770.3509,
NOR,GDPLTFORECAST,TOT,MLN_USD,A,2012,280670.5152,
NOR,GDPLTFORECAST,TOT,MLN_USD,A,2013,282434.4918,
NOR,GDPLTFORECAST,TOT,MLN_USD,A,2014,288196.7801,
NOR,GDPLTFORECAST,TOT,MLN_USD,A,2015,295194.7554,
NOR,GDPLTFORECAST,TOT,MLN_USD,A,2016,305738.5867,
NOR,GDPLTFORECAST,TOT,MLN_USD,A,2017,315795.058,
NOR,GDPLTFORECAST,TOT,MLN_USD,A,2018,325343.4308,
NOR,GDPLTFORECAST,TOT,MLN_USD,A,2019,334429.1408,
NOR,GDPLTFORECAST,TOT,MLN_USD,A,2020,343111.7656,
NOR,GDPLTFORECAST,TOT,MLN_USD,A,2021,351454.7709,
NOR,GDPLTFORECAST,TOT,MLN_USD,A,2022,359523.9664,
NOR,GDPLTFORECAST,TOT,MLN_USD,A,2023,367385.2235,
NOR,GDPLTFORECAST,TOT,MLN_USD,A,2024,375102.8461,
NOR,GDPLTFORECAST,TOT,MLN_USD,A,2025,382734.8439,
NOR,GDPLTFORECAST,TOT,MLN_USD,A,2026,390332.4043,
NOR,GDPLTFORECAST,TOT,MLN_USD,A,2027,397938.1536,
NOR,GDPLTFORECAST,TOT,MLN_USD,A,2028,405580.4366,
NOR,GDPLTFORECAST,TOT,MLN_USD,A,2029,413272.426,
NOR,GDPLTFORECAST,TOT,MLN_USD,A,2030,421019.3037,
NOR,GDPLTFORECAST,TOT,MLN_USD,A,2031,428822.6887,
NOR,GDPLTFORECAST,TOT,MLN_USD,A,2032,436682.5648,
NOR,GDPLTFORECAST,TOT,MLN_USD,A,2033,444597.2327,
NOR,GDPLTFORECAST,TOT,MLN_USD,A,2034,452563.7475,
NOR,GDPLTFORECAST,TOT,MLN_USD,A,2035,460580.6045,
NOR,GDPLTFORECAST,TOT,MLN_USD,A,2036,468648.6916,
NOR,GDPLTFORECAST,TOT,MLN_USD,A,2037,476771.359,
NOR,GDPLTFORECAST,TOT,MLN_USD,A,2038,484952.3117,
NOR,GDPLTFORECAST,TOT,MLN_USD,A,2039,493191.7937,
NOR,GDPLTFORECAST,TOT,MLN_USD,A,2040,501489.9609,
NOR,GDPLTFORECAST,TOT,MLN_USD,A,2041,509850.7151,
NOR,GDPLTFORECAST,TOT,MLN_USD,A,2042,518281.4297,
NOR,GDPLTFORECAST,TOT,MLN_USD,A,2043,526788.1073,
NOR,GDPLTFORECAST,TOT,MLN_USD,A,2044,535372.2841,
NOR,GDPLTFORECAST,TOT,MLN_USD,A,2045,544033.0541,
NOR,GDPLTFORECAST,TOT,MLN_USD,A,2046,552770.4594,
NOR,GDPLTFORECAST,TOT,MLN_USD,A,2047,561586.356,
NOR,GDPLTFORECAST,TOT,MLN_USD,A,2048,570481.8213,
NOR,GDPLTFORECAST,TOT,MLN_USD,A,2049,579457.0408,
NOR,GDPLTFORECAST,TOT,MLN_USD,A,2050,588511.7943,
POL,GDPLTFORECAST,TOT,MLN_USD,A,2009,637567.1812,
POL,GDPLTFORECAST,TOT,MLN_USD,A,2010,662271.2108,
POL,GDPLTFORECAST,TOT,MLN_USD,A,2011,692210.9236,
POL,GDPLTFORECAST,TOT,MLN_USD,A,2012,705630.5285,
POL,GDPLTFORECAST,TOT,MLN_USD,A,2013,716567.9442,
POL,GDPLTFORECAST,TOT,MLN_USD,A,2014,737715.5775,
POL,GDPLTFORECAST,TOT,MLN_USD,A,2015,762923.8896,
POL,GDPLTFORECAST,TOT,MLN_USD,A,2016,785002.4361,
POL,GDPLTFORECAST,TOT,MLN_USD,A,2017,806343.638,
POL,GDPLTFORECAST,TOT,MLN_USD,A,2018,827236.8794,
POL,GDPLTFORECAST,TOT,MLN_USD,A,2019,847669.1237,
POL,GDPLTFORECAST,TOT,MLN_USD,A,2020,867567.3622,
POL,GDPLTFORECAST,TOT,MLN_USD,A,2021,886875.6949,
POL,GDPLTFORECAST,TOT,MLN_USD,A,2022,905577.9292,
POL,GDPLTFORECAST,TOT,MLN_USD,A,2023,923695.8737,
POL,GDPLTFORECAST,TOT,MLN_USD,A,2024,941288.7271,
POL,GDPLTFORECAST,TOT,MLN_USD,A,2025,958433.6566,
POL,GDPLTFORECAST,TOT,MLN_USD,A,2026,975218.811,
POL,GDPLTFORECAST,TOT,MLN_USD,A,2027,991729.988,
POL,GDPLTFORECAST,TOT,MLN_USD,A,2028,1008023.314,
POL,GDPLTFORECAST,TOT,MLN_USD,A,2029,1024108.709,
POL,GDPLTFORECAST,TOT,MLN_USD,A,2030,1039974.461,
POL,GDPLTFORECAST,TOT,MLN_USD,A,2031,1055600.433,
POL,GDPLTFORECAST,TOT,MLN_USD,A,2032,1070960.588,
POL,GDPLTFORECAST,TOT,MLN_USD,A,2033,1086020.164,
POL,GDPLTFORECAST,TOT,MLN_USD,A,2034,1100731.462,
POL,GDPLTFORECAST,TOT,MLN_USD,A,2035,1115050.927,
POL,GDPLTFORECAST,TOT,MLN_USD,A,2036,1128946.438,
POL,GDPLTFORECAST,TOT,MLN_USD,A,2037,1142400.803,
POL,GDPLTFORECAST,TOT,MLN_USD,A,2038,1155412.594,
POL,GDPLTFORECAST,TOT,MLN_USD,A,2039,1167989.267,
POL,GDPLTFORECAST,TOT,MLN_USD,A,2040,1180142.569,
POL,GDPLTFORECAST,TOT,MLN_USD,A,2041,1191882.143,
POL,GDPLTFORECAST,TOT,MLN_USD,A,2042,1203196.662,
POL,GDPLTFORECAST,TOT,MLN_USD,A,2043,1214058.288,
POL,GDPLTFORECAST,TOT,MLN_USD,A,2044,1224438.038,
POL,GDPLTFORECAST,TOT,MLN_USD,A,2045,1234315.403,
POL,GDPLTFORECAST,TOT,MLN_USD,A,2046,1243691.709,
POL,GDPLTFORECAST,TOT,MLN_USD,A,2047,1252597.579,
POL,GDPLTFORECAST,TOT,MLN_USD,A,2048,1261076.303,
POL,GDPLTFORECAST,TOT,MLN_USD,A,2049,1269179.858,
POL,GDPLTFORECAST,TOT,MLN_USD,A,2050,1276964.657,
PRT,GDPLTFORECAST,TOT,MLN_USD,A,2009,227276.6247,
PRT,GDPLTFORECAST,TOT,MLN_USD,A,2010,231677.6313,
PRT,GDPLTFORECAST,TOT,MLN_USD,A,2011,228780.5448,
PRT,GDPLTFORECAST,TOT,MLN_USD,A,2012,221389.7541,
PRT,GDPLTFORECAST,TOT,MLN_USD,A,2013,218365.8481,
PRT,GDPLTFORECAST,TOT,MLN_USD,A,2014,220831.2376,
PRT,GDPLTFORECAST,TOT,MLN_USD,A,2015,224009.1644,
PRT,GDPLTFORECAST,TOT,MLN_USD,A,2016,229058.9988,
PRT,GDPLTFORECAST,TOT,MLN_USD,A,2017,233819.8112,
PRT,GDPLTFORECAST,TOT,MLN_USD,A,2018,237761.75,
PRT,GDPLTFORECAST,TOT,MLN_USD,A,2019,241149.358,
PRT,GDPLTFORECAST,TOT,MLN_USD,A,2020,244339.3443,
PRT,GDPLTFORECAST,TOT,MLN_USD,A,2021,247614.5213,
PRT,GDPLTFORECAST,TOT,MLN_USD,A,2022,251176.113,
PRT,GDPLTFORECAST,TOT,MLN_USD,A,2023,255168.1325,
PRT,GDPLTFORECAST,TOT,MLN_USD,A,2024,259631.3543,
PRT,GDPLTFORECAST,TOT,MLN_USD,A,2025,264619.36,
PRT,GDPLTFORECAST,TOT,MLN_USD,A,2026,270179.7696,
PRT,GDPLTFORECAST,TOT,MLN_USD,A,2027,276352.185,
PRT,GDPLTFORECAST,TOT,MLN_USD,A,2028,283160.2683,
PRT,GDPLTFORECAST,TOT,MLN_USD,A,2029,290579.5109,
PRT,GDPLTFORECAST,TOT,MLN_USD,A,2030,298541.6496,
PRT,GDPLTFORECAST,TOT,MLN_USD,A,2031,306927.7305,
PRT,GDPLTFORECAST,TOT,MLN_USD,A,2032,315518.4658,
PRT,GDPLTFORECAST,TOT,MLN_USD,A,2033,324240.409,
PRT,GDPLTFORECAST,TOT,MLN_USD,A,2034,333034.203,
PRT,GDPLTFORECAST,TOT,MLN_USD,A,2035,341851.786,
PRT,GDPLTFORECAST,TOT,MLN_USD,A,2036,350654.7527,
PRT,GDPLTFORECAST,TOT,MLN_USD,A,2037,359416.5638,
PRT,GDPLTFORECAST,TOT,MLN_USD,A,2038,368118.749,
PRT,GDPLTFORECAST,TOT,MLN_USD,A,2039,376750.4316,
PRT,GDPLTFORECAST,TOT,MLN_USD,A,2040,385306.6938,
PRT,GDPLTFORECAST,TOT,MLN_USD,A,2041,393789.5672,
PRT,GDPLTFORECAST,TOT,MLN_USD,A,2042,402207.5464,
PRT,GDPLTFORECAST,TOT,MLN_USD,A,2043,410567.566,
PRT,GDPLTFORECAST,TOT,MLN_USD,A,2044,418873.7249,
PRT,GDPLTFORECAST,TOT,MLN_USD,A,2045,427129.0864,
PRT,GDPLTFORECAST,TOT,MLN_USD,A,2046,435339.6099,
PRT,GDPLTFORECAST,TOT,MLN_USD,A,2047,443516.7788,
PRT,GDPLTFORECAST,TOT,MLN_USD,A,2048,451668.7142,
PRT,GDPLTFORECAST,TOT,MLN_USD,A,2049,459796.2394,
PRT,GDPLTFORECAST,TOT,MLN_USD,A,2050,467896.9653,
SVK,GDPLTFORECAST,TOT,MLN_USD,A,2009,104866.2651,
SVK,GDPLTFORECAST,TOT,MLN_USD,A,2010,109506.9541,
SVK,GDPLTFORECAST,TOT,MLN_USD,A,2011,112773.8246,
SVK,GDPLTFORECAST,TOT,MLN_USD,A,2012,114805.2254,
SVK,GDPLTFORECAST,TOT,MLN_USD,A,2013,115885.3429,
SVK,GDPLTFORECAST,TOT,MLN_USD,A,2014,118237.1359,
SVK,GDPLTFORECAST,TOT,MLN_USD,A,2015,121626.8475,
SVK,GDPLTFORECAST,TOT,MLN_USD,A,2016,126171.6668,
SVK,GDPLTFORECAST,TOT,MLN_USD,A,2017,131050.7991,
SVK,GDPLTFORECAST,TOT,MLN_USD,A,2018,135887.4977,
SVK,GDPLTFORECAST,TOT,MLN_USD,A,2019,140595.8094,
SVK,GDPLTFORECAST,TOT,MLN_USD,A,2020,145164.15,
SVK,GDPLTFORECAST,TOT,MLN_USD,A,2021,149591.47,
SVK,GDPLTFORECAST,TOT,MLN_USD,A,2022,153878.8143,
SVK,GDPLTFORECAST,TOT,MLN_USD,A,2023,158030.6963,
SVK,GDPLTFORECAST,TOT,MLN_USD,A,2024,162057.4193,
SVK,GDPLTFORECAST,TOT,MLN_USD,A,2025,165973.0063,
SVK,GDPLTFORECAST,TOT,MLN_USD,A,2026,169792.3898,
SVK,GDPLTFORECAST,TOT,MLN_USD,A,2027,173532.1969,
SVK,GDPLTFORECAST,TOT,MLN_USD,A,2028,177202.8982,
SVK,GDPLTFORECAST,TOT,MLN_USD,A,2029,180801.957,
SVK,GDPLTFORECAST,TOT,MLN_USD,A,2030,184322.0158,
SVK,GDPLTFORECAST,TOT,MLN_USD,A,2031,187760.8982,
SVK,GDPLTFORECAST,TOT,MLN_USD,A,2032,191114.5443,
SVK,GDPLTFORECAST,TOT,MLN_USD,A,2033,194377.7349,
SVK,GDPLTFORECAST,TOT,MLN_USD,A,2034,197544.7943,
SVK,GDPLTFORECAST,TOT,MLN_USD,A,2035,200611.7634,
SVK,GDPLTFORECAST,TOT,MLN_USD,A,2036,203576.7297,
SVK,GDPLTFORECAST,TOT,MLN_USD,A,2037,206439.6443,
SVK,GDPLTFORECAST,TOT,MLN_USD,A,2038,209203.003,
SVK,GDPLTFORECAST,TOT,MLN_USD,A,2039,211871.7591,
SVK,GDPLTFORECAST,TOT,MLN_USD,A,2040,214452.5978,
SVK,GDPLTFORECAST,TOT,MLN_USD,A,2041,216953.5154,
SVK,GDPLTFORECAST,TOT,MLN_USD,A,2042,219380.3712,
SVK,GDPLTFORECAST,TOT,MLN_USD,A,2043,221736.7133,
SVK,GDPLTFORECAST,TOT,MLN_USD,A,2044,224025.3108,
SVK,GDPLTFORECAST,TOT,MLN_USD,A,2045,226249.3837,
SVK,GDPLTFORECAST,TOT,MLN_USD,A,2046,228414.8365,
SVK,GDPLTFORECAST,TOT,MLN_USD,A,2047,230530.8367,
SVK,GDPLTFORECAST,TOT,MLN_USD,A,2048,232607.8095,
SVK,GDPLTFORECAST,TOT,MLN_USD,A,2049,234657.1764,
SVK,GDPLTFORECAST,TOT,MLN_USD,A,2050,236691.3935,
ESP,GDPLTFORECAST,TOT,MLN_USD,A,2009,1242179.791,
ESP,GDPLTFORECAST,TOT,MLN_USD,A,2010,1239679.74,
ESP,GDPLTFORECAST,TOT,MLN_USD,A,2011,1240303.372,
ESP,GDPLTFORECAST,TOT,MLN_USD,A,2012,1219944.338,
ESP,GDPLTFORECAST,TOT,MLN_USD,A,2013,1205029.923,
ESP,GDPLTFORECAST,TOT,MLN_USD,A,2014,1217466.232,
ESP,GDPLTFORECAST,TOT,MLN_USD,A,2015,1236106.728,
ESP,GDPLTFORECAST,TOT,MLN_USD,A,2016,1265165.827,
ESP,GDPLTFORECAST,TOT,MLN_USD,A,2017,1293388.28,
ESP,GDPLTFORECAST,TOT,MLN_USD,A,2018,1318377.713,
ESP,GDPLTFORECAST,TOT,MLN_USD,A,2019,1341135.435,
ESP,GDPLTFORECAST,TOT,MLN_USD,A,2020,1363052.143,
ESP,GDPLTFORECAST,TOT,MLN_USD,A,2021,1385185.606,
ESP,GDPLTFORECAST,TOT,MLN_USD,A,2022,1408242.005,
ESP,GDPLTFORECAST,TOT,MLN_USD,A,2023,1432694.585,
ESP,GDPLTFORECAST,TOT,MLN_USD,A,2024,1458900.442,
ESP,GDPLTFORECAST,TOT,MLN_USD,A,2025,1487043.769,
ESP,GDPLTFORECAST,TOT,MLN_USD,A,2026,1517065.95,
ESP,GDPLTFORECAST,TOT,MLN_USD,A,2027,1548222.747,
ESP,GDPLTFORECAST,TOT,MLN_USD,A,2028,1579856.119,
ESP,GDPLTFORECAST,TOT,MLN_USD,A,2029,1611925.415,
ESP,GDPLTFORECAST,TOT,MLN_USD,A,2030,1644390.367,
ESP,GDPLTFORECAST,TOT,MLN_USD,A,2031,1677199.825,
ESP,GDPLTFORECAST,TOT,MLN_USD,A,2032,1710283.983,
ESP,GDPLTFORECAST,TOT,MLN_USD,A,2033,1743549.933,
ESP,GDPLTFORECAST,TOT,MLN_USD,A,2034,1776903.413,
ESP,GDPLTFORECAST,TOT,MLN_USD,A,2035,1810014.252,
ESP,GDPLTFORECAST,TOT,MLN_USD,A,2036,1842579.543,
ESP,GDPLTFORECAST,TOT,MLN_USD,A,2037,1874534.461,
ESP,GDPLTFORECAST,TOT,MLN_USD,A,2038,1905864.845,
ESP,GDPLTFORECAST,TOT,MLN_USD,A,2039,1936608.021,
ESP,GDPLTFORECAST,TOT,MLN_USD,A,2040,1966839.156,
ESP,GDPLTFORECAST,TOT,MLN_USD,A,2041,1996672.335,
ESP,GDPLTFORECAST,TOT,MLN_USD,A,2042,2026254.087,
ESP,GDPLTFORECAST,TOT,MLN_USD,A,2043,2055719.177,
ESP,GDPLTFORECAST,TOT,MLN_USD,A,2044,2085184.502,
ESP,GDPLTFORECAST,TOT,MLN_USD,A,2045,2114764.049,
ESP,GDPLTFORECAST,TOT,MLN_USD,A,2046,2144587.423,
ESP,GDPLTFORECAST,TOT,MLN_USD,A,2047,2174804.304,
ESP,GDPLTFORECAST,TOT,MLN_USD,A,2048,2205532.708,
ESP,GDPLTFORECAST,TOT,MLN_USD,A,2049,2236825.176,
ESP,GDPLTFORECAST,TOT,MLN_USD,A,2050,2268704.98,
SWE,GDPLTFORECAST,TOT,MLN_USD,A,2009,300644.9109,
SWE,GDPLTFORECAST,TOT,MLN_USD,A,2010,319542.5755,
SWE,GDPLTFORECAST,TOT,MLN_USD,A,2011,329136.0739,
SWE,GDPLTFORECAST,TOT,MLN_USD,A,2012,333260.1819,
SWE,GDPLTFORECAST,TOT,MLN_USD,A,2013,338281.5196,
SWE,GDPLTFORECAST,TOT,MLN_USD,A,2014,347674.3582,
SWE,GDPLTFORECAST,TOT,MLN_USD,A,2015,358595.7766,
SWE,GDPLTFORECAST,TOT,MLN_USD,A,2016,369528.9836,
SWE,GDPLTFORECAST,TOT,MLN_USD,A,2017,380653.4271,
SWE,GDPLTFORECAST,TOT,MLN_USD,A,2018,392019.2008,
SWE,GDPLTFORECAST,TOT,MLN_USD,A,2019,403602.6416,
SWE,GDPLTFORECAST,TOT,MLN_USD,A,2020,415340.1206,
SWE,GDPLTFORECAST,TOT,MLN_USD,A,2021,427157.4599,
SWE,GDPLTFORECAST,TOT,MLN_USD,A,2022,438989.1422,
SWE,GDPLTFORECAST,TOT,MLN_USD,A,2023,450787.3865,
SWE,GDPLTFORECAST,TOT,MLN_USD,A,2024,462524.0636,
SWE,GDPLTFORECAST,TOT,MLN_USD,A,2025,474188.1041,
SWE,GDPLTFORECAST,TOT,MLN_USD,A,2026,485783.9832,
SWE,GDPLTFORECAST,TOT,MLN_USD,A,2027,497325.6209,
SWE,GDPLTFORECAST,TOT,MLN_USD,A,2028,508824.5353,
SWE,GDPLTFORECAST,TOT,MLN_USD,A,2029,520286.4138,
SWE,GDPLTFORECAST,TOT,MLN_USD,A,2030,531717.3074,
SWE,GDPLTFORECAST,TOT,MLN_USD,A,2031,543125.2183,
SWE,GDPLTFORECAST,TOT,MLN_USD,A,2032,554516.1663,
SWE,GDPLTFORECAST,TOT,MLN_USD,A,2033,565891.8627,
SWE,GDPLTFORECAST,TOT,MLN_USD,A,2034,577248.3087,
SWE,GDPLTFORECAST,TOT,MLN_USD,A,2035,588580.5908,
SWE,GDPLTFORECAST,TOT,MLN_USD,A,2036,599884.1391,
SWE,GDPLTFORECAST,TOT,MLN_USD,A,2037,611155.2294,
SWE,GDPLTFORECAST,TOT,MLN_USD,A,2038,622389.8864,
SWE,GDPLTFORECAST,TOT,MLN_USD,A,2039,633580.7086,
SWE,GDPLTFORECAST,TOT,MLN_USD,A,2040,644720.8281,
SWE,GDPLTFORECAST,TOT,MLN_USD,A,2041,655809.5308,
SWE,GDPLTFORECAST,TOT,MLN_USD,A,2042,666850.5401,
SWE,GDPLTFORECAST,TOT,MLN_USD,A,2043,677844.5984,
SWE,GDPLTFORECAST,TOT,MLN_USD,A,2044,688786.8005,
SWE,GDPLTFORECAST,TOT,MLN_USD,A,2045,699668.1967,
SWE,GDPLTFORECAST,TOT,MLN_USD,A,2046,710481.2519,
SWE,GDPLTFORECAST,TOT,MLN_USD,A,2047,721221.5584,
SWE,GDPLTFORECAST,TOT,MLN_USD,A,2048,731886.1604,
SWE,GDPLTFORECAST,TOT,MLN_USD,A,2049,742479.1421,
SWE,GDPLTFORECAST,TOT,MLN_USD,A,2050,753008.6155,
CHE,GDPLTFORECAST,TOT,MLN_USD,A,2009,296733.6213,
CHE,GDPLTFORECAST,TOT,MLN_USD,A,2010,305496.8236,
CHE,GDPLTFORECAST,TOT,MLN_USD,A,2011,310966.0795,
CHE,GDPLTFORECAST,TOT,MLN_USD,A,2012,314228.4043,
CHE,GDPLTFORECAST,TOT,MLN_USD,A,2013,320381.0583,
CHE,GDPLTFORECAST,TOT,MLN_USD,A,2014,326652.9371,
CHE,GDPLTFORECAST,TOT,MLN_USD,A,2015,334829.4415,
CHE,GDPLTFORECAST,TOT,MLN_USD,A,2016,342695.2578,
CHE,GDPLTFORECAST,TOT,MLN_USD,A,2017,350575.9038,
CHE,GDPLTFORECAST,TOT,MLN_USD,A,2018,358571.853,
CHE,GDPLTFORECAST,TOT,MLN_USD,A,2019,366687.2864,
CHE,GDPLTFORECAST,TOT,MLN_USD,A,2020,374898.5462,
CHE,GDPLTFORECAST,TOT,MLN_USD,A,2021,383175.4538,
CHE,GDPLTFORECAST,TOT,MLN_USD,A,2022,391493.01,
CHE,GDPLTFORECAST,TOT,MLN_USD,A,2023,399838.6994,
CHE,GDPLTFORECAST,TOT,MLN_USD,A,2024,408215.6532,
CHE,GDPLTFORECAST,TOT,MLN_USD,A,2025,416636.3909,
CHE,GDPLTFORECAST,TOT,MLN_USD,A,2026,425119.7386,
CHE,GDPLTFORECAST,TOT,MLN_USD,A,2027,433685.5788,
CHE,GDPLTFORECAST,TOT,MLN_USD,A,2028,442346.6393,
CHE,GDPLTFORECAST,TOT,MLN_USD,A,2029,451108.2377,
CHE,GDPLTFORECAST,TOT,MLN_USD,A,2030,459974.382,
CHE,GDPLTFORECAST,TOT,MLN_USD,A,2031,468950.1011,
CHE,GDPLTFORECAST,TOT,MLN_USD,A,2032,478039.2743,
CHE,GDPLTFORECAST,TOT,MLN_USD,A,2033,487241.8258,
CHE,GDPLTFORECAST,TOT,MLN_USD,A,2034,496550.8005,
CHE,GDPLTFORECAST,TOT,MLN_USD,A,2035,505957.1455,
CHE,GDPLTFORECAST,TOT,MLN_USD,A,2036,515451.044,
CHE,GDPLTFORECAST,TOT,MLN_USD,A,2037,525021.8036,
CHE,GDPLTFORECAST,TOT,MLN_USD,A,2038,534656.8868,
CHE,GDPLTFORECAST,TOT,MLN_USD,A,2039,544338.6719,
CHE,GDPLTFORECAST,TOT,MLN_USD,A,2040,554049.6583,
CHE,GDPLTFORECAST,TOT,MLN_USD,A,2041,563778.7554,
CHE,GDPLTFORECAST,TOT,MLN_USD,A,2042,573521.9076,
CHE,GDPLTFORECAST,TOT,MLN_USD,A,2043,583276.2466,
CHE,GDPLTFORECAST,TOT,MLN_USD,A,2044,593037.8477,
CHE,GDPLTFORECAST,TOT,MLN_USD,A,2045,602803.402,
CHE,GDPLTFORECAST,TOT,MLN_USD,A,2046,612574.4049,
CHE,GDPLTFORECAST,TOT,MLN_USD,A,2047,622357.8119,
CHE,GDPLTFORECAST,TOT,MLN_USD,A,2048,632161.0376,
CHE,GDPLTFORECAST,TOT,MLN_USD,A,2049,641990.6195,
CHE,GDPLTFORECAST,TOT,MLN_USD,A,2050,651853.2232,
TUR,GDPLTFORECAST,TOT,MLN_USD,A,2009,837384.1837,
TUR,GDPLTFORECAST,TOT,MLN_USD,A,2010,914063.0592,
TUR,GDPLTFORECAST,TOT,MLN_USD,A,2011,994251.504,
TUR,GDPLTFORECAST,TOT,MLN_USD,A,2012,1015403.813,
TUR,GDPLTFORECAST,TOT,MLN_USD,A,2013,1056524.49,
TUR,GDPLTFORECAST,TOT,MLN_USD,A,2014,1085599.245,
TUR,GDPLTFORECAST,TOT,MLN_USD,A,2015,1128659.579,
TUR,GDPLTFORECAST,TOT,MLN_USD,A,2016,1201447.064,
TUR,GDPLTFORECAST,TOT,MLN_USD,A,2017,1276773.893,
TUR,GDPLTFORECAST,TOT,MLN_USD,A,2018,1348242.307,
TUR,GDPLTFORECAST,TOT,MLN_USD,A,2019,1416002.613,
TUR,GDPLTFORECAST,TOT,MLN_USD,A,2020,1481646.119,
TUR,GDPLTFORECAST,TOT,MLN_USD,A,2021,1546664.871,
TUR,GDPLTFORECAST,TOT,MLN_USD,A,2022,1612129.616,
TUR,GDPLTFORECAST,TOT,MLN_USD,A,2023,1678716.258,
TUR,GDPLTFORECAST,TOT,MLN_USD,A,2024,1746797.099,
TUR,GDPLTFORECAST,TOT,MLN_USD,A,2025,1816519.933,
TUR,GDPLTFORECAST,TOT,MLN_USD,A,2026,1887897.692,
TUR,GDPLTFORECAST,TOT,MLN_USD,A,2027,1960853.302,
TUR,GDPLTFORECAST,TOT,MLN_USD,A,2028,2035228.991,
TUR,GDPLTFORECAST,TOT,MLN_USD,A,2029,2110810.626,
TUR,GDPLTFORECAST,TOT,MLN_USD,A,2030,2187362.984,
TUR,GDPLTFORECAST,TOT,MLN_USD,A,2031,2264650.215,
TUR,GDPLTFORECAST,TOT,MLN_USD,A,2032,2342447.454,
TUR,GDPLTFORECAST,TOT,MLN_USD,A,2033,2420538.407,
TUR,GDPLTFORECAST,TOT,MLN_USD,A,2034,2498724.039,
TUR,GDPLTFORECAST,TOT,MLN_USD,A,2035,2576819.463,
TUR,GDPLTFORECAST,TOT,MLN_USD,A,2036,2654649.091,
TUR,GDPLTFORECAST,TOT,MLN_USD,A,2037,2732046.491,
TUR,GDPLTFORECAST,TOT,MLN_USD,A,2038,2808858.513,
TUR,GDPLTFORECAST,TOT,MLN_USD,A,2039,2884953.93,
TUR,GDPLTFORECAST,TOT,MLN_USD,A,2040,2960215.393,
TUR,GDPLTFORECAST,TOT,MLN_USD,A,2041,3034548.194,
TUR,GDPLTFORECAST,TOT,MLN_USD,A,2042,3107884.245,
TUR,GDPLTFORECAST,TOT,MLN_USD,A,2043,3180166.36,
TUR,GDPLTFORECAST,TOT,MLN_USD,A,2044,3251361.563,
TUR,GDPLTFORECAST,TOT,MLN_USD,A,2045,3321446.914,
TUR,GDPLTFORECAST,TOT,MLN_USD,A,2046,3390417.188,
TUR,GDPLTFORECAST,TOT,MLN_USD,A,2047,3458293.699,
TUR,GDPLTFORECAST,TOT,MLN_USD,A,2048,3525105.243,
TUR,GDPLTFORECAST,TOT,MLN_USD,A,2049,3590896.54,
TUR,GDPLTFORECAST,TOT,MLN_USD,A,2050,3655724.648,
GBR,GDPLTFORECAST,TOT,MLN_USD,A,2009,2007036.268,
GBR,GDPLTFORECAST,TOT,MLN_USD,A,2010,2040348.136,
GBR,GDPLTFORECAST,TOT,MLN_USD,A,2011,2063146.611,
GBR,GDPLTFORECAST,TOT,MLN_USD,A,2012,2068876.445,
GBR,GDPLTFORECAST,TOT,MLN_USD,A,2013,2103266.433,
GBR,GDPLTFORECAST,TOT,MLN_USD,A,2014,2170590.648,
GBR,GDPLTFORECAST,TOT,MLN_USD,A,2015,2228596.369,
GBR,GDPLTFORECAST,TOT,MLN_USD,A,2016,2286850.01,
GBR,GDPLTFORECAST,TOT,MLN_USD,A,2017,2349268.496,
GBR,GDPLTFORECAST,TOT,MLN_USD,A,2018,2416141.744,
GBR,GDPLTFORECAST,TOT,MLN_USD,A,2019,2486609.31,
GBR,GDPLTFORECAST,TOT,MLN_USD,A,2020,2559593.868,
GBR,GDPLTFORECAST,TOT,MLN_USD,A,2021,2634143.081,
GBR,GDPLTFORECAST,TOT,MLN_USD,A,2022,2709570.556,
GBR,GDPLTFORECAST,TOT,MLN_USD,A,2023,2785454.954,
GBR,GDPLTFORECAST,TOT,MLN_USD,A,2024,2861626.601,
GBR,GDPLTFORECAST,TOT,MLN_USD,A,2025,2938100.766,
GBR,GDPLTFORECAST,TOT,MLN_USD,A,2026,3015038.198,
GBR,GDPLTFORECAST,TOT,MLN_USD,A,2027,3092687.321,
GBR,GDPLTFORECAST,TOT,MLN_USD,A,2028,3171286.42,
GBR,GDPLTFORECAST,TOT,MLN_USD,A,2029,3251034.398,
GBR,GDPLTFORECAST,TOT,MLN_USD,A,2030,3332118.133,
GBR,GDPLTFORECAST,TOT,MLN_USD,A,2031,3414720.818,
GBR,GDPLTFORECAST,TOT,MLN_USD,A,2032,3499012.886,
GBR,GDPLTFORECAST,TOT,MLN_USD,A,2033,3584914.94,
GBR,GDPLTFORECAST,TOT,MLN_USD,A,2034,3671444.215,
GBR,GDPLTFORECAST,TOT,MLN_USD,A,2035,3758108.883,
GBR,GDPLTFORECAST,TOT,MLN_USD,A,2036,3844769.652,
GBR,GDPLTFORECAST,TOT,MLN_USD,A,2037,3931342.673,
GBR,GDPLTFORECAST,TOT,MLN_USD,A,2038,4017762.47,
GBR,GDPLTFORECAST,TOT,MLN_USD,A,2039,4103948.059,
GBR,GDPLTFORECAST,TOT,MLN_USD,A,2040,4189829.981,
GBR,GDPLTFORECAST,TOT,MLN_USD,A,2041,4275394.548,
GBR,GDPLTFORECAST,TOT,MLN_USD,A,2042,4360707.689,
GBR,GDPLTFORECAST,TOT,MLN_USD,A,2043,4445841.852,
GBR,GDPLTFORECAST,TOT,MLN_USD,A,2044,4530864.464,
GBR,GDPLTFORECAST,TOT,MLN_USD,A,2045,4615836.482,
GBR,GDPLTFORECAST,TOT,MLN_USD,A,2046,4700835.744,
GBR,GDPLTFORECAST,TOT,MLN_USD,A,2047,4785981.89,
GBR,GDPLTFORECAST,TOT,MLN_USD,A,2048,4871384.546,
GBR,GDPLTFORECAST,TOT,MLN_USD,A,2049,4957155.455,
GBR,GDPLTFORECAST,TOT,MLN_USD,A,2050,5043395.593,
USA,GDPLTFORECAST,TOT,MLN_USD,A,2009,13263170.3,
USA,GDPLTFORECAST,TOT,MLN_USD,A,2010,13595648.19,
USA,GDPLTFORECAST,TOT,MLN_USD,A,2011,13846806.18,
USA,GDPLTFORECAST,TOT,MLN_USD,A,2012,14231649.86,
USA,GDPLTFORECAST,TOT,MLN_USD,A,2013,14498952.24,
USA,GDPLTFORECAST,TOT,MLN_USD,A,2014,14898390.04,
USA,GDPLTFORECAST,TOT,MLN_USD,A,2015,15423341.29,
USA,GDPLTFORECAST,TOT,MLN_USD,A,2016,15928726.78,
USA,GDPLTFORECAST,TOT,MLN_USD,A,2017,16401208.73,
USA,GDPLTFORECAST,TOT,MLN_USD,A,2018,16854354.14,
USA,GDPLTFORECAST,TOT,MLN_USD,A,2019,17299338.69,
USA,GDPLTFORECAST,TOT,MLN_USD,A,2020,17743024.72,
USA,GDPLTFORECAST,TOT,MLN_USD,A,2021,18189111.76,
USA,GDPLTFORECAST,TOT,MLN_USD,A,2022,18639480.8,
USA,GDPLTFORECAST,TOT,MLN_USD,A,2023,19095176.81,
USA,GDPLTFORECAST,TOT,MLN_USD,A,2024,19556981.03,
USA,GDPLTFORECAST,TOT,MLN_USD,A,2025,20025622.59,
USA,GDPLTFORECAST,TOT,MLN_USD,A,2026,20502007.85,
USA,GDPLTFORECAST,TOT,MLN_USD,A,2027,20987133.75,
USA,GDPLTFORECAST,TOT,MLN_USD,A,2028,21481322.77,
USA,GDPLTFORECAST,TOT,MLN_USD,A,2029,21981213.9,
USA,GDPLTFORECAST,TOT,MLN_USD,A,2030,22482235.6,
USA,GDPLTFORECAST,TOT,MLN_USD,A,2031,22983846.03,
USA,GDPLTFORECAST,TOT,MLN_USD,A,2032,23485733.75,
USA,GDPLTFORECAST,TOT,MLN_USD,A,2033,23987555.49,
USA,GDPLTFORECAST,TOT,MLN_USD,A,2034,24488755.99,
USA,GDPLTFORECAST,TOT,MLN_USD,A,2035,24988765.83,
USA,GDPLTFORECAST,TOT,MLN_USD,A,2036,25487156.55,
USA,GDPLTFORECAST,TOT,MLN_USD,A,2037,25983742.68,
USA,GDPLTFORECAST,TOT,MLN_USD,A,2038,26478464.86,
USA,GDPLTFORECAST,TOT,MLN_USD,A,2039,26971186.52,
USA,GDPLTFORECAST,TOT,MLN_USD,A,2040,27461838.64,
USA,GDPLTFORECAST,TOT,MLN_USD,A,2041,27950684.53,
USA,GDPLTFORECAST,TOT,MLN_USD,A,2042,28438332.01,
USA,GDPLTFORECAST,TOT,MLN_USD,A,2043,28925352.82,
USA,GDPLTFORECAST,TOT,MLN_USD,A,2044,29412140.98,
USA,GDPLTFORECAST,TOT,MLN_USD,A,2045,29898935.47,
USA,GDPLTFORECAST,TOT,MLN_USD,A,2046,30386016.23,
USA,GDPLTFORECAST,TOT,MLN_USD,A,2047,30873747.13,
USA,GDPLTFORECAST,TOT,MLN_USD,A,2048,31362302.1,
USA,GDPLTFORECAST,TOT,MLN_USD,A,2049,31851655.32,
USA,GDPLTFORECAST,TOT,MLN_USD,A,2050,32341599.47,
BRA,GDPLTFORECAST,TOT,MLN_USD,A,2009,1831592.458,
BRA,GDPLTFORECAST,TOT,MLN_USD,A,2010,1969859.693,
BRA,GDPLTFORECAST,TOT,MLN_USD,A,2011,2023815.549,
BRA,GDPLTFORECAST,TOT,MLN_USD,A,2012,2044628.94,
BRA,GDPLTFORECAST,TOT,MLN_USD,A,2013,2091305.141,
BRA,GDPLTFORECAST,TOT,MLN_USD,A,2014,2128401.906,
BRA,GDPLTFORECAST,TOT,MLN_USD,A,2015,2174948.974,
BRA,GDPLTFORECAST,TOT,MLN_USD,A,2016,2237616.646,
BRA,GDPLTFORECAST,TOT,MLN_USD,A,2017,2302493.204,
BRA,GDPLTFORECAST,TOT,MLN_USD,A,2018,2366042.384,
BRA,GDPLTFORECAST,TOT,MLN_USD,A,2019,2428237.994,
BRA,GDPLTFORECAST,TOT,MLN_USD,A,2020,2489944.134,
BRA,GDPLTFORECAST,TOT,MLN_USD,A,2021,2552108.432,
BRA,GDPLTFORECAST,TOT,MLN_USD,A,2022,2615584.317,
BRA,GDPLTFORECAST,TOT,MLN_USD,A,2023,2681093.792,
BRA,GDPLTFORECAST,TOT,MLN_USD,A,2024,2749203.313,
BRA,GDPLTFORECAST,TOT,MLN_USD,A,2025,2820309.648,
BRA,GDPLTFORECAST,TOT,MLN_USD,A,2026,2894639.413,
BRA,GDPLTFORECAST,TOT,MLN_USD,A,2027,2972238.832,
BRA,GDPLTFORECAST,TOT,MLN_USD,A,2028,3052954.764,
BRA,GDPLTFORECAST,TOT,MLN_USD,A,2029,3136464.237,
BRA,GDPLTFORECAST,TOT,MLN_USD,A,2030,3222357.917,
BRA,GDPLTFORECAST,TOT,MLN_USD,A,2031,3310215.434,
BRA,GDPLTFORECAST,TOT,MLN_USD,A,2032,3399673.806,
BRA,GDPLTFORECAST,TOT,MLN_USD,A,2033,3490415.846,
BRA,GDPLTFORECAST,TOT,MLN_USD,A,2034,3582164.775,
BRA,GDPLTFORECAST,TOT,MLN_USD,A,2035,3674706.298,
BRA,GDPLTFORECAST,TOT,MLN_USD,A,2036,3767899.099,
BRA,GDPLTFORECAST,TOT,MLN_USD,A,2037,3861679.606,
BRA,GDPLTFORECAST,TOT,MLN_USD,A,2038,3956062.723,
BRA,GDPLTFORECAST,TOT,MLN_USD,A,2039,4051128.806,
BRA,GDPLTFORECAST,TOT,MLN_USD,A,2040,4147022.025,
BRA,GDPLTFORECAST,TOT,MLN_USD,A,2041,4243952.127,
BRA,GDPLTFORECAST,TOT,MLN_USD,A,2042,4342166.38,
BRA,GDPLTFORECAST,TOT,MLN_USD,A,2043,4441892.039,
BRA,GDPLTFORECAST,TOT,MLN_USD,A,2044,4543304.778,
BRA,GDPLTFORECAST,TOT,MLN_USD,A,2045,4646482.927,
BRA,GDPLTFORECAST,TOT,MLN_USD,A,2046,4751386.963,
BRA,GDPLTFORECAST,TOT,MLN_USD,A,2047,4857836.503,
BRA,GDPLTFORECAST,TOT,MLN_USD,A,2048,4965474.472,
BRA,GDPLTFORECAST,TOT,MLN_USD,A,2049,5073777.865,
BRA,GDPLTFORECAST,TOT,MLN_USD,A,2050,5182058.939,
CHL,GDPLTFORECAST,TOT,MLN_USD,A,2009,234764.134,
CHL,GDPLTFORECAST,TOT,MLN_USD,A,2010,248113.5297,
CHL,GDPLTFORECAST,TOT,MLN_USD,A,2011,262333.4551,
CHL,GDPLTFORECAST,TOT,MLN_USD,A,2012,276629.5872,
CHL,GDPLTFORECAST,TOT,MLN_USD,A,2013,288319.8675,
CHL,GDPLTFORECAST,TOT,MLN_USD,A,2014,298685.7662,
CHL,GDPLTFORECAST,TOT,MLN_USD,A,2015,311350.0597,
CHL,GDPLTFORECAST,TOT,MLN_USD,A,2016,328672.499,
CHL,GDPLTFORECAST,TOT,MLN_USD,A,2017,347582.5313,
CHL,GDPLTFORECAST,TOT,MLN_USD,A,2018,367135.7727,
CHL,GDPLTFORECAST,TOT,MLN_USD,A,2019,387001.4201,
CHL,GDPLTFORECAST,TOT,MLN_USD,A,2020,407021.6071,
CHL,GDPLTFORECAST,TOT,MLN_USD,A,2021,427077.8131,
CHL,GDPLTFORECAST,TOT,MLN_USD,A,2022,447067.9052,
CHL,GDPLTFORECAST,TOT,MLN_USD,A,2023,466910.4431,
CHL,GDPLTFORECAST,TOT,MLN_USD,A,2024,486555.6855,
CHL,GDPLTFORECAST,TOT,MLN_USD,A,2025,505980.6147,
CHL,GDPLTFORECAST,TOT,MLN_USD,A,2026,525185.0693,
CHL,GDPLTFORECAST,TOT,MLN_USD,A,2027,544184.8229,
CHL,GDPLTFORECAST,TOT,MLN_USD,A,2028,563002.2443,
CHL,GDPLTFORECAST,TOT,MLN_USD,A,2029,581666.0294,
CHL,GDPLTFORECAST,TOT,MLN_USD,A,2030,600210.0304,
CHL,GDPLTFORECAST,TOT,MLN_USD,A,2031,618671.4862,
CHL,GDPLTFORECAST,TOT,MLN_USD,A,2032,637089.6247,
CHL,GDPLTFORECAST,TOT,MLN_USD,A,2033,655502.0724,
CHL,GDPLTFORECAST,TOT,MLN_USD,A,2034,673945.9236,
CHL,GDPLTFORECAST,TOT,MLN_USD,A,2035,692454.6352,
CHL,GDPLTFORECAST,TOT,MLN_USD,A,2036,711056.2492,
CHL,GDPLTFORECAST,TOT,MLN_USD,A,2037,729774.8261,
CHL,GDPLTFORECAST,TOT,MLN_USD,A,2038,748625.5434,
CHL,GDPLTFORECAST,TOT,MLN_USD,A,2039,767611.3852,
CHL,GDPLTFORECAST,TOT,MLN_USD,A,2040,786725.6345,
CHL,GDPLTFORECAST,TOT,MLN_USD,A,2041,805958.6015,
CHL,GDPLTFORECAST,TOT,MLN_USD,A,2042,825302.6335,
CHL,GDPLTFORECAST,TOT,MLN_USD,A,2043,844744.0904,
CHL,GDPLTFORECAST,TOT,MLN_USD,A,2044,864261.4043,
CHL,GDPLTFORECAST,TOT,MLN_USD,A,2045,883825.155,
CHL,GDPLTFORECAST,TOT,MLN_USD,A,2046,903403.6598,
CHL,GDPLTFORECAST,TOT,MLN_USD,A,2047,922968.6836,
CHL,GDPLTFORECAST,TOT,MLN_USD,A,2048,942490.4363,
CHL,GDPLTFORECAST,TOT,MLN_USD,A,2049,961939.5962,
CHL,GDPLTFORECAST,TOT,MLN_USD,A,2050,981285.462,
CHN,GDPLTFORECAST,TOT,MLN_USD,A,2009,8264461.777,8.26446E+12
CHN,GDPLTFORECAST,TOT,MLN_USD,A,2010,9127849.193,9.12785E+12
CHN,GDPLTFORECAST,TOT,MLN_USD,A,2011,9976728.691,9.97673E+12
CHN,GDPLTFORECAST,TOT,MLN_USD,A,2012,10740203.15,1.07402E+13
CHN,GDPLTFORECAST,TOT,MLN_USD,A,2013,11564104.62,1.15641E+13
CHN,GDPLTFORECAST,TOT,MLN_USD,A,2014,12415720,1.24157E+13
CHN,GDPLTFORECAST,TOT,MLN_USD,A,2015,13325588.7,1.33256E+13
CHN,GDPLTFORECAST,TOT,MLN_USD,A,2016,14217032.08,1.4217E+13
CHN,GDPLTFORECAST,TOT,MLN_USD,A,2017,15099104.34,1.50991E+13
CHN,GDPLTFORECAST,TOT,MLN_USD,A,2018,15974175,1.59742E+13
CHN,GDPLTFORECAST,TOT,MLN_USD,A,2019,16843997.92,1.6844E+13
CHN,GDPLTFORECAST,TOT,MLN_USD,A,2020,17709685.38,1.77097E+13
CHN,GDPLTFORECAST,TOT,MLN_USD,A,2021,18571708.39,1.85717E+13
CHN,GDPLTFORECAST,TOT,MLN_USD,A,2022,19430179.47,1.94302E+13
CHN,GDPLTFORECAST,TOT,MLN_USD,A,2023,20285254.71,2.02853E+13
CHN,GDPLTFORECAST,TOT,MLN_USD,A,2024,21137374.55,2.11374E+13
CHN,GDPLTFORECAST,TOT,MLN_USD,A,2025,21987555.58,2.19876E+13
CHN,GDPLTFORECAST,TOT,MLN_USD,A,2026,22837736.17,2.28377E+13
CHN,GDPLTFORECAST,TOT,MLN_USD,A,2027,23690868.44,2.36909E+13
CHN,GDPLTFORECAST,TOT,MLN_USD,A,2028,24550611.12,2.45506E+13
CHN,GDPLTFORECAST,TOT,MLN_USD,A,2029,25421158.8,2.54212E+13
CHN,GDPLTFORECAST,TOT,MLN_USD,A,2030,26307247.69,2.63072E+13
CHN,GDPLTFORECAST,TOT,MLN_USD,A,2031,27213856.46,2.72139E+13
CHN,GDPLTFORECAST,TOT,MLN_USD,A,2032,28145653.24,2.81457E+13
CHN,GDPLTFORECAST,TOT,MLN_USD,A,2033,29106136.48,2.91061E+13
CHN,GDPLTFORECAST,TOT,MLN_USD,A,2034,30096921.88,3.00969E+13
CHN,GDPLTFORECAST,TOT,MLN_USD,A,2035,31117404.7,3.11174E+13
CHN,GDPLTFORECAST,TOT,MLN_USD,A,2036,32164511.37,3.21645E+13
CHN,GDPLTFORECAST,TOT,MLN_USD,A,2037,33232621.67,3.32326E+13
CHN,GDPLTFORECAST,TOT,MLN_USD,A,2038,34313941.83,3.43139E+13
CHN,GDPLTFORECAST,TOT,MLN_USD,A,2039,35399061.85,3.53991E+13
CHN,GDPLTFORECAST,TOT,MLN_USD,A,2040,36477854.12,3.64779E+13
CHN,GDPLTFORECAST,TOT,MLN_USD,A,2041,37540646.23,3.75406E+13
CHN,GDPLTFORECAST,TOT,MLN_USD,A,2042,38579267.31,3.85793E+13
CHN,GDPLTFORECAST,TOT,MLN_USD,A,2043,39587350.81,3.95874E+13
CHN,GDPLTFORECAST,TOT,MLN_USD,A,2044,40560776.82,4.05608E+13
CHN,GDPLTFORECAST,TOT,MLN_USD,A,2045,41497784.96,4.14978E+13
CHN,GDPLTFORECAST,TOT,MLN_USD,A,2046,42399087.06,4.23991E+13
CHN,GDPLTFORECAST,TOT,MLN_USD,A,2047,43267661.11,4.32677E+13
CHN,GDPLTFORECAST,TOT,MLN_USD,A,2048,44108231.69,4.41082E+13
CHN,GDPLTFORECAST,TOT,MLN_USD,A,2049,44926899.76,4.49269E+13
CHN,GDPLTFORECAST,TOT,MLN_USD,A,2050,45730396.87,4.57304E+13
EST,GDPLTFORECAST,TOT,MLN_USD,A,2009,21705.11945,
EST,GDPLTFORECAST,TOT,MLN_USD,A,2010,22261.85379,
EST,GDPLTFORECAST,TOT,MLN_USD,A,2011,24389.62502,
EST,GDPLTFORECAST,TOT,MLN_USD,A,2012,25350.3097,
EST,GDPLTFORECAST,TOT,MLN_USD,A,2013,25560.88111,
EST,GDPLTFORECAST,TOT,MLN_USD,A,2014,25863.47427,
EST,GDPLTFORECAST,TOT,MLN_USD,A,2015,26655.39691,
EST,GDPLTFORECAST,TOT,MLN_USD,A,2016,27830.12586,
EST,GDPLTFORECAST,TOT,MLN_USD,A,2017,29057.67171,
EST,GDPLTFORECAST,TOT,MLN_USD,A,2018,30239.17424,
EST,GDPLTFORECAST,TOT,MLN_USD,A,2019,31361.16724,
EST,GDPLTFORECAST,TOT,MLN_USD,A,2020,32429.76057,
EST,GDPLTFORECAST,TOT,MLN_USD,A,2021,33452.9684,
EST,GDPLTFORECAST,TOT,MLN_USD,A,2022,34438.17044,
EST,GDPLTFORECAST,TOT,MLN_USD,A,2023,35392.51039,
EST,GDPLTFORECAST,TOT,MLN_USD,A,2024,36324.01694,
EST,GDPLTFORECAST,TOT,MLN_USD,A,2025,37241.51784,
EST,GDPLTFORECAST,TOT,MLN_USD,A,2026,38138.99491,
EST,GDPLTFORECAST,TOT,MLN_USD,A,2027,39021.62226,
EST,GDPLTFORECAST,TOT,MLN_USD,A,2028,39899.02833,
EST,GDPLTFORECAST,TOT,MLN_USD,A,2029,40778.92579,
EST,GDPLTFORECAST,TOT,MLN_USD,A,2030,41667.64857,
EST,GDPLTFORECAST,TOT,MLN_USD,A,2031,42570.26347,
EST,GDPLTFORECAST,TOT,MLN_USD,A,2032,43490.30475,
EST,GDPLTFORECAST,TOT,MLN_USD,A,2033,44429.74418,
EST,GDPLTFORECAST,TOT,MLN_USD,A,2034,45389.04086,
EST,GDPLTFORECAST,TOT,MLN_USD,A,2035,46367.56698,
EST,GDPLTFORECAST,TOT,MLN_USD,A,2036,47363.75194,
EST,GDPLTFORECAST,TOT,MLN_USD,A,2037,48375.0621,
EST,GDPLTFORECAST,TOT,MLN_USD,A,2038,49398.41639,
EST,GDPLTFORECAST,TOT,MLN_USD,A,2039,50430.38514,
EST,GDPLTFORECAST,TOT,MLN_USD,A,2040,51467.41304,
EST,GDPLTFORECAST,TOT,MLN_USD,A,2041,52506.05274,
EST,GDPLTFORECAST,TOT,MLN_USD,A,2042,53542.48058,
EST,GDPLTFORECAST,TOT,MLN_USD,A,2043,54572.77996,
EST,GDPLTFORECAST,TOT,MLN_USD,A,2044,55593.75269,
EST,GDPLTFORECAST,TOT,MLN_USD,A,2045,56602.84805,
EST,GDPLTFORECAST,TOT,MLN_USD,A,2046,57598.42803,
EST,GDPLTFORECAST,TOT,MLN_USD,A,2047,58579.74624,
EST,GDPLTFORECAST,TOT,MLN_USD,A,2048,59546.86572,
EST,GDPLTFORECAST,TOT,MLN_USD,A,2049,60501.26118,
EST,GDPLTFORECAST,TOT,MLN_USD,A,2050,61445.29792,
IND,GDPLTFORECAST,TOT,MLN_USD,A,2009,3259866.734,
IND,GDPLTFORECAST,TOT,MLN_USD,A,2010,3622118.903,
IND,GDPLTFORECAST,TOT,MLN_USD,A,2011,3903824.33,
IND,GDPLTFORECAST,TOT,MLN_USD,A,2012,4094437.725,
IND,GDPLTFORECAST,TOT,MLN_USD,A,2013,4277731.382,
IND,GDPLTFORECAST,TOT,MLN_USD,A,2014,4488013.173,4.48801E+12
IND,GDPLTFORECAST,TOT,MLN_USD,A,2015,4751390.612,4.75139E+12
IND,GDPLTFORECAST,TOT,MLN_USD,A,2016,5039874.438,5.03987E+12
IND,GDPLTFORECAST,TOT,MLN_USD,A,2017,5340142.414,5.34014E+12
IND,GDPLTFORECAST,TOT,MLN_USD,A,2018,5654611.045,5.65461E+12
IND,GDPLTFORECAST,TOT,MLN_USD,A,2019,5986322.429,5.98632E+12
IND,GDPLTFORECAST,TOT,MLN_USD,A,2020,6337715.396,6.33772E+12
IND,GDPLTFORECAST,TOT,MLN_USD,A,2021,6710577.029,6.71058E+12
IND,GDPLTFORECAST,TOT,MLN_USD,A,2022,7106167.02,7.10617E+12
IND,GDPLTFORECAST,TOT,MLN_USD,A,2023,7525416.056,7.52542E+12
IND,GDPLTFORECAST,TOT,MLN_USD,A,2024,7969024.185,7.96902E+12
IND,GDPLTFORECAST,TOT,MLN_USD,A,2025,8437521.017,8.43752E+12
IND,GDPLTFORECAST,TOT,MLN_USD,A,2026,8931324.487,8.93132E+12
IND,GDPLTFORECAST,TOT,MLN_USD,A,2027,9450724.845,9.45072E+12
IND,GDPLTFORECAST,TOT,MLN_USD,A,2028,9995793.907,9.99579E+12
IND,GDPLTFORECAST,TOT,MLN_USD,A,2029,10566379.64,1.05664E+13
IND,GDPLTFORECAST,TOT,MLN_USD,A,2030,11162211.58,1.11622E+13
IND,GDPLTFORECAST,TOT,MLN_USD,A,2031,11782946.37,1.17829E+13
IND,GDPLTFORECAST,TOT,MLN_USD,A,2032,12428143.2,1.24281E+13
IND,GDPLTFORECAST,TOT,MLN_USD,A,2033,13097241.56,1.30972E+13
IND,GDPLTFORECAST,TOT,MLN_USD,A,2034,13789558.34,1.37896E+13
IND,GDPLTFORECAST,TOT,MLN_USD,A,2035,14504379.41,1.45044E+13
IND,GDPLTFORECAST,TOT,MLN_USD,A,2036,15241070.78,1.52411E+13
IND,GDPLTFORECAST,TOT,MLN_USD,A,2037,15999246.97,1.59992E+13
IND,GDPLTFORECAST,TOT,MLN_USD,A,2038,16778700.17,1.67787E+13
IND,GDPLTFORECAST,TOT,MLN_USD,A,2039,17579309.17,1.75793E+13
IND,GDPLTFORECAST,TOT,MLN_USD,A,2040,18401048.67,1.8401E+13
IND,GDPLTFORECAST,TOT,MLN_USD,A,2041,19244048.84,1.9244E+13
IND,GDPLTFORECAST,TOT,MLN_USD,A,2042,20108534.63,2.01085E+13
IND,GDPLTFORECAST,TOT,MLN_USD,A,2043,20994731.62,2.09947E+13
IND,GDPLTFORECAST,TOT,MLN_USD,A,2044,21902830.44,2.19028E+13
IND,GDPLTFORECAST,TOT,MLN_USD,A,2045,22832997.96,2.2833E+13
IND,GDPLTFORECAST,TOT,MLN_USD,A,2046,23785430.74,2.37854E+13
IND,GDPLTFORECAST,TOT,MLN_USD,A,2047,24760279.98,2.47603E+13
IND,GDPLTFORECAST,TOT,MLN_USD,A,2048,25757520.39,2.57575E+13
IND,GDPLTFORECAST,TOT,MLN_USD,A,2049,26776861.03,2.67769E+13
IND,GDPLTFORECAST,TOT,MLN_USD,A,2050,27817822.21,2.78178E+13
IDN,GDPLTFORECAST,TOT,MLN_USD,A,2009,877554.5407,
IDN,GDPLTFORECAST,TOT,MLN_USD,A,2010,932172.3073,
IDN,GDPLTFORECAST,TOT,MLN_USD,A,2011,992629.4949,
IDN,GDPLTFORECAST,TOT,MLN_USD,A,2012,1054804.536,
IDN,GDPLTFORECAST,TOT,MLN_USD,A,2013,1115785.151,
IDN,GDPLTFORECAST,TOT,MLN_USD,A,2014,1179371.396,
IDN,GDPLTFORECAST,TOT,MLN_USD,A,2015,1253206.156,
IDN,GDPLTFORECAST,TOT,MLN_USD,A,2016,1327120.401,
IDN,GDPLTFORECAST,TOT,MLN_USD,A,2017,1404118.541,
IDN,GDPLTFORECAST,TOT,MLN_USD,A,2018,1485238.739,
IDN,GDPLTFORECAST,TOT,MLN_USD,A,2019,1570712.123,
IDN,GDPLTFORECAST,TOT,MLN_USD,A,2020,1660510.639,
IDN,GDPLTFORECAST,TOT,MLN_USD,A,2021,1754537.144,
IDN,GDPLTFORECAST,TOT,MLN_USD,A,2022,1852686.432,
IDN,GDPLTFORECAST,TOT,MLN_USD,A,2023,1954845.69,
IDN,GDPLTFORECAST,TOT,MLN_USD,A,2024,2060880.49,
IDN,GDPLTFORECAST,TOT,MLN_USD,A,2025,2170645.98,
IDN,GDPLTFORECAST,TOT,MLN_USD,A,2026,2284005.935,
IDN,GDPLTFORECAST,TOT,MLN_USD,A,2027,2400824.984,
IDN,GDPLTFORECAST,TOT,MLN_USD,A,2028,2520953.757,
IDN,GDPLTFORECAST,TOT,MLN_USD,A,2029,2644230.289,
IDN,GDPLTFORECAST,TOT,MLN_USD,A,2030,2770507.952,
IDN,GDPLTFORECAST,TOT,MLN_USD,A,2031,2899671.559,
IDN,GDPLTFORECAST,TOT,MLN_USD,A,2032,3031651.114,
IDN,GDPLTFORECAST,TOT,MLN_USD,A,2033,3166403.628,
IDN,GDPLTFORECAST,TOT,MLN_USD,A,2034,3303905.069,
IDN,GDPLTFORECAST,TOT,MLN_USD,A,2035,3444177.89,
IDN,GDPLTFORECAST,TOT,MLN_USD,A,2036,3587317.062,
IDN,GDPLTFORECAST,TOT,MLN_USD,A,2037,3733518.52,
IDN,GDPLTFORECAST,TOT,MLN_USD,A,2038,3883073.339,
IDN,GDPLTFORECAST,TOT,MLN_USD,A,2039,4036348.061,
IDN,GDPLTFORECAST,TOT,MLN_USD,A,2040,4193771.173,
IDN,GDPLTFORECAST,TOT,MLN_USD,A,2041,4355816.927,
IDN,GDPLTFORECAST,TOT,MLN_USD,A,2042,4522944.723,
IDN,GDPLTFORECAST,TOT,MLN_USD,A,2043,4695584.672,
IDN,GDPLTFORECAST,TOT,MLN_USD,A,2044,4874133.922,
IDN,GDPLTFORECAST,TOT,MLN_USD,A,2045,5058914.741,
IDN,GDPLTFORECAST,TOT,MLN_USD,A,2046,5250129.629,
IDN,GDPLTFORECAST,TOT,MLN_USD,A,2047,5447775.988,
IDN,GDPLTFORECAST,TOT,MLN_USD,A,2048,5651635.703,
IDN,GDPLTFORECAST,TOT,MLN_USD,A,2049,5861293.601,
IDN,GDPLTFORECAST,TOT,MLN_USD,A,2050,6076128.175,
ISR,GDPLTFORECAST,TOT,MLN_USD,A,2009,201260.0301,
ISR,GDPLTFORECAST,TOT,MLN_USD,A,2010,212309.7552,
ISR,GDPLTFORECAST,TOT,MLN_USD,A,2011,222019.803,
ISR,GDPLTFORECAST,TOT,MLN_USD,A,2012,229307.9122,
ISR,GDPLTFORECAST,TOT,MLN_USD,A,2013,237052.1561,
ISR,GDPLTFORECAST,TOT,MLN_USD,A,2014,244653.7902,
ISR,GDPLTFORECAST,TOT,MLN_USD,A,2015,253244.5874,
ISR,GDPLTFORECAST,TOT,MLN_USD,A,2016,261123.0995,
ISR,GDPLTFORECAST,TOT,MLN_USD,A,2017,269121.773,
ISR,GDPLTFORECAST,TOT,MLN_USD,A,2018,277381.9069,
ISR,GDPLTFORECAST,TOT,MLN_USD,A,2019,285918.3679,
ISR,GDPLTFORECAST,TOT,MLN_USD,A,2020,294723.627,
ISR,GDPLTFORECAST,TOT,MLN_USD,A,2021,303794.1024,
ISR,GDPLTFORECAST,TOT,MLN_USD,A,2022,313133.1884,
ISR,GDPLTFORECAST,TOT,MLN_USD,A,2023,322751.7162,
ISR,GDPLTFORECAST,TOT,MLN_USD,A,2024,332665.4414,
ISR,GDPLTFORECAST,TOT,MLN_USD,A,2025,342888.8853,
ISR,GDPLTFORECAST,TOT,MLN_USD,A,2026,353433.9779,
ISR,GDPLTFORECAST,TOT,MLN_USD,A,2027,364308.0656,
ISR,GDPLTFORECAST,TOT,MLN_USD,A,2028,375503.6918,
ISR,GDPLTFORECAST,TOT,MLN_USD,A,2029,386996.1489,
ISR,GDPLTFORECAST,TOT,MLN_USD,A,2030,398753.8167,
ISR,GDPLTFORECAST,TOT,MLN_USD,A,2031,410744.3193,
ISR,GDPLTFORECAST,TOT,MLN_USD,A,2032,422935.7398,
ISR,GDPLTFORECAST,TOT,MLN_USD,A,2033,435297.0957,
ISR,GDPLTFORECAST,TOT,MLN_USD,A,2034,447799.4436,
ISR,GDPLTFORECAST,TOT,MLN_USD,A,2035,460418.2427,
ISR,GDPLTFORECAST,TOT,MLN_USD,A,2036,473134.8297,
ISR,GDPLTFORECAST,TOT,MLN_USD,A,2037,485914.5251,
ISR,GDPLTFORECAST,TOT,MLN_USD,A,2038,498748.5462,
ISR,GDPLTFORECAST,TOT,MLN_USD,A,2039,511657.2542,
ISR,GDPLTFORECAST,TOT,MLN_USD,A,2040,524670.8766,
ISR,GDPLTFORECAST,TOT,MLN_USD,A,2041,537829.972,
ISR,GDPLTFORECAST,TOT,MLN_USD,A,2042,551183.0278,
ISR,GDPLTFORECAST,TOT,MLN_USD,A,2043,564778.6352,
ISR,GDPLTFORECAST,TOT,MLN_USD,A,2044,578665.4283,
ISR,GDPLTFORECAST,TOT,MLN_USD,A,2045,592887.1762,
ISR,GDPLTFORECAST,TOT,MLN_USD,A,2046,607479.7121,
ISR,GDPLTFORECAST,TOT,MLN_USD,A,2047,622464.6367,
ISR,GDPLTFORECAST,TOT,MLN_USD,A,2048,637847.5453,
ISR,GDPLTFORECAST,TOT,MLN_USD,A,2049,653623.2168,
ISR,GDPLTFORECAST,TOT,MLN_USD,A,2050,669780.1001,
RUS,GDPLTFORECAST,TOT,MLN_USD,A,2009,2189820.644,
RUS,GDPLTFORECAST,TOT,MLN_USD,A,2010,2288444.158,
RUS,GDPLTFORECAST,TOT,MLN_USD,A,2011,2386027.462,
RUS,GDPLTFORECAST,TOT,MLN_USD,A,2012,2468000.57,
RUS,GDPLTFORECAST,TOT,MLN_USD,A,2013,2500545.753,
RUS,GDPLTFORECAST,TOT,MLN_USD,A,2014,2512358.768,
RUS,GDPLTFORECAST,TOT,MLN_USD,A,2015,2557850.982,2.55785E+12
RUS,GDPLTFORECAST,TOT,MLN_USD,A,2016,2656458.789,2.65646E+12
RUS,GDPLTFORECAST,TOT,MLN_USD,A,2017,2761280.132,2.76128E+12
RUS,GDPLTFORECAST,TOT,MLN_USD,A,2018,2860897.469,2.8609E+12
RUS,GDPLTFORECAST,TOT,MLN_USD,A,2019,2955103.458,2.9551E+12
RUS,GDPLTFORECAST,TOT,MLN_USD,A,2020,3046064.264,3.04606E+12
RUS,GDPLTFORECAST,TOT,MLN_USD,A,2021,3135809.237,3.13581E+12
RUS,GDPLTFORECAST,TOT,MLN_USD,A,2022,3225780.531,3.22578E+12
RUS,GDPLTFORECAST,TOT,MLN_USD,A,2023,3316913.801,3.31691E+12
RUS,GDPLTFORECAST,TOT,MLN_USD,A,2024,3409761.887,3.40976E+12
RUS,GDPLTFORECAST,TOT,MLN_USD,A,2025,3504589.496,3.50459E+12
RUS,GDPLTFORECAST,TOT,MLN_USD,A,2026,3601431.271,3.60143E+12
RUS,GDPLTFORECAST,TOT,MLN_USD,A,2027,3700089.94,3.70009E+12
RUS,GDPLTFORECAST,TOT,MLN_USD,A,2028,3800104.135,3.8001E+12
RUS,GDPLTFORECAST,TOT,MLN_USD,A,2029,3900750.162,3.90075E+12
RUS,GDPLTFORECAST,TOT,MLN_USD,A,2030,4001090.183,4.00109E+12
RUS,GDPLTFORECAST,TOT,MLN_USD,A,2031,4100000.682,4.1E+12
RUS,GDPLTFORECAST,TOT,MLN_USD,A,2032,4196182.33,4.19618E+12
RUS,GDPLTFORECAST,TOT,MLN_USD,A,2033,4288131.339,4.28813E+12
RUS,GDPLTFORECAST,TOT,MLN_USD,A,2034,4374044.456,4.37404E+12
RUS,GDPLTFORECAST,TOT,MLN_USD,A,2035,4452657.969,4.45266E+12
RUS,GDPLTFORECAST,TOT,MLN_USD,A,2036,4522867.35,4.52287E+12
RUS,GDPLTFORECAST,TOT,MLN_USD,A,2037,4583779.306,4.58378E+12
RUS,GDPLTFORECAST,TOT,MLN_USD,A,2038,4634861.64,4.63486E+12
RUS,GDPLTFORECAST,TOT,MLN_USD,A,2039,4676047.116,4.67605E+12
RUS,GDPLTFORECAST,TOT,MLN_USD,A,2040,4707816.358,4.70782E+12
RUS,GDPLTFORECAST,TOT,MLN_USD,A,2041,4731241.208,4.73124E+12
RUS,GDPLTFORECAST,TOT,MLN_USD,A,2042,4747942.664,4.74794E+12
RUS,GDPLTFORECAST,TOT,MLN_USD,A,2043,4760030.623,4.76003E+12
RUS,GDPLTFORECAST,TOT,MLN_USD,A,2044,4770021.451,4.77002E+12
RUS,GDPLTFORECAST,TOT,MLN_USD,A,2045,4780691.98,4.78069E+12
RUS,GDPLTFORECAST,TOT,MLN_USD,A,2046,4794918.138,4.79492E+12
RUS,GDPLTFORECAST,TOT,MLN_USD,A,2047,4815471.785,4.81547E+12
RUS,GDPLTFORECAST,TOT,MLN_USD,A,2048,4844872.353,4.84487E+12
RUS,GDPLTFORECAST,TOT,MLN_USD,A,2049,4885264.254,4.88526E+12
RUS,GDPLTFORECAST,TOT,MLN_USD,A,2050,4938270.588,4.93827E+12
SVN,GDPLTFORECAST,TOT,MLN_USD,A,2009,50602.036,
SVN,GDPLTFORECAST,TOT,MLN_USD,A,2010,51238.83653,
SVN,GDPLTFORECAST,TOT,MLN_USD,A,2011,51602.04791,
SVN,GDPLTFORECAST,TOT,MLN_USD,A,2012,50289.77269,
SVN,GDPLTFORECAST,TOT,MLN_USD,A,2013,49733.28526,
SVN,GDPLTFORECAST,TOT,MLN_USD,A,2014,49898.92,
SVN,GDPLTFORECAST,TOT,MLN_USD,A,2015,50509.75305,
SVN,GDPLTFORECAST,TOT,MLN_USD,A,2016,51969.33898,
SVN,GDPLTFORECAST,TOT,MLN_USD,A,2017,53498.97151,
SVN,GDPLTFORECAST,TOT,MLN_USD,A,2018,54943.17587,
SVN,GDPLTFORECAST,TOT,MLN_USD,A,2019,56295.58466,
SVN,GDPLTFORECAST,TOT,MLN_USD,A,2020,57596.67373,
SVN,GDPLTFORECAST,TOT,MLN_USD,A,2021,58869.10558,
SVN,GDPLTFORECAST,TOT,MLN_USD,A,2022,60127.17773,
SVN,GDPLTFORECAST,TOT,MLN_USD,A,2023,61384.09751,
SVN,GDPLTFORECAST,TOT,MLN_USD,A,2024,62650.80707,
SVN,GDPLTFORECAST,TOT,MLN_USD,A,2025,63936.99902,
SVN,GDPLTFORECAST,TOT,MLN_USD,A,2026,65251.52264,
SVN,GDPLTFORECAST,TOT,MLN_USD,A,2027,66603.56214,
SVN,GDPLTFORECAST,TOT,MLN_USD,A,2028,67999.92902,
SVN,GDPLTFORECAST,TOT,MLN_USD,A,2029,69444.06309,
SVN,GDPLTFORECAST,TOT,MLN_USD,A,2030,70937.43691,
SVN,GDPLTFORECAST,TOT,MLN_USD,A,2031,72479.89326,
SVN,GDPLTFORECAST,TOT,MLN_USD,A,2032,74069.24269,
SVN,GDPLTFORECAST,TOT,MLN_USD,A,2033,75701.42097,
SVN,GDPLTFORECAST,TOT,MLN_USD,A,2034,77370.7656,
SVN,GDPLTFORECAST,TOT,MLN_USD,A,2035,79070.85283,
SVN,GDPLTFORECAST,TOT,MLN_USD,A,2036,80794.91713,
SVN,GDPLTFORECAST,TOT,MLN_USD,A,2037,82535.86313,
SVN,GDPLTFORECAST,TOT,MLN_USD,A,2038,84286.67431,
SVN,GDPLTFORECAST,TOT,MLN_USD,A,2039,86040.47537,
SVN,GDPLTFORECAST,TOT,MLN_USD,A,2040,87790.95395,
SVN,GDPLTFORECAST,TOT,MLN_USD,A,2041,89532.91203,
SVN,GDPLTFORECAST,TOT,MLN_USD,A,2042,91261.57897,
SVN,GDPLTFORECAST,TOT,MLN_USD,A,2043,92972.02019,
SVN,GDPLTFORECAST,TOT,MLN_USD,A,2044,94659.31413,
SVN,GDPLTFORECAST,TOT,MLN_USD,A,2045,96319.55995,
SVN,GDPLTFORECAST,TOT,MLN_USD,A,2046,97951.58148,
SVN,GDPLTFORECAST,TOT,MLN_USD,A,2047,99558.15813,
SVN,GDPLTFORECAST,TOT,MLN_USD,A,2048,101144.1969,
SVN,GDPLTFORECAST,TOT,MLN_USD,A,2049,102714.1867,
SVN,GDPLTFORECAST,TOT,MLN_USD,A,2050,104271.6679,
ZAF,GDPLTFORECAST,TOT,MLN_USD,A,2009,461495.7333,
ZAF,GDPLTFORECAST,TOT,MLN_USD,A,2010,475986.5289,
ZAF,GDPLTFORECAST,TOT,MLN_USD,A,2011,493118.6121,
ZAF,GDPLTFORECAST,TOT,MLN_USD,A,2012,505283.2047,
ZAF,GDPLTFORECAST,TOT,MLN_USD,A,2013,514836.2102,
ZAF,GDPLTFORECAST,TOT,MLN_USD,A,2014,527951.073,
ZAF,GDPLTFORECAST,TOT,MLN_USD,A,2015,544980.742,5.44981E+11
ZAF,GDPLTFORECAST,TOT,MLN_USD,A,2016,575266.5736,5.75267E+11
ZAF,GDPLTFORECAST,TOT,MLN_USD,A,2017,608345.9482,6.08346E+11
ZAF,GDPLTFORECAST,TOT,MLN_USD,A,2018,641774.6751,6.41775E+11
ZAF,GDPLTFORECAST,TOT,MLN_USD,A,2019,675421.9234,6.75422E+11
ZAF,GDPLTFORECAST,TOT,MLN_USD,A,2020,709685.5175,7.09686E+11
ZAF,GDPLTFORECAST,TOT,MLN_USD,A,2021,744955.196,7.44955E+11
ZAF,GDPLTFORECAST,TOT,MLN_USD,A,2022,781487.3309,7.81487E+11
ZAF,GDPLTFORECAST,TOT,MLN_USD,A,2023,819413.3626,8.19413E+11
ZAF,GDPLTFORECAST,TOT,MLN_USD,A,2024,858769.275,8.58769E+11
ZAF,GDPLTFORECAST,TOT,MLN_USD,A,2025,899526.9775,8.99527E+11
ZAF,GDPLTFORECAST,TOT,MLN_USD,A,2026,941622.3337,9.41622E+11
ZAF,GDPLTFORECAST,TOT,MLN_USD,A,2027,984966.611,9.84967E+11
ZAF,GDPLTFORECAST,TOT,MLN_USD,A,2028,1029442.887,1.02944E+12
ZAF,GDPLTFORECAST,TOT,MLN_USD,A,2029,1074908.235,1.07491E+12
ZAF,GDPLTFORECAST,TOT,MLN_USD,A,2030,1121202.012,1.1212E+12
ZAF,GDPLTFORECAST,TOT,MLN_USD,A,2031,1168151.63,1.16815E+12
ZAF,GDPLTFORECAST,TOT,MLN_USD,A,2032,1215580.122,1.21558E+12
ZAF,GDPLTFORECAST,TOT,MLN_USD,A,2033,1263300.436,1.2633E+12
ZAF,GDPLTFORECAST,TOT,MLN_USD,A,2034,1311117.932,1.31112E+12
ZAF,GDPLTFORECAST,TOT,MLN_USD,A,2035,1358840.109,1.35884E+12
ZAF,GDPLTFORECAST,TOT,MLN_USD,A,2036,1406287.426,1.40629E+12
ZAF,GDPLTFORECAST,TOT,MLN_USD,A,2037,1453306.46,1.45331E+12
ZAF,GDPLTFORECAST,TOT,MLN_USD,A,2038,1499774.711,1.49977E+12
ZAF,GDPLTFORECAST,TOT,MLN_USD,A,2039,1545604.442,1.5456E+12
ZAF,GDPLTFORECAST,TOT,MLN_USD,A,2040,1590745.229,1.59075E+12
ZAF,GDPLTFORECAST,TOT,MLN_USD,A,2041,1635189.473,1.63519E+12
ZAF,GDPLTFORECAST,TOT,MLN_USD,A,2042,1678965.565,1.67897E+12
ZAF,GDPLTFORECAST,TOT,MLN_USD,A,2043,1722126.537,1.72213E+12
ZAF,GDPLTFORECAST,TOT,MLN_USD,A,2044,1764744.758,1.76474E+12
ZAF,GDPLTFORECAST,TOT,MLN_USD,A,2045,1806901.941,1.8069E+12
ZAF,GDPLTFORECAST,TOT,MLN_USD,A,2046,1848683.433,1.84868E+12
ZAF,GDPLTFORECAST,TOT,MLN_USD,A,2047,1890163.57,1.89016E+12
ZAF,GDPLTFORECAST,TOT,MLN_USD,A,2048,1931394.839,1.93139E+12
ZAF,GDPLTFORECAST,TOT,MLN_USD,A,2049,1972406.42,1.97241E+12
ZAF,GDPLTFORECAST,TOT,MLN_USD,A,2050,2013203.662,2.0132E+12
WLD,GDPLTFORECAST,TOT,MLN_USD,A,2009,54942707.89,
WLD,GDPLTFORECAST,TOT,MLN_USD,A,2010,57674147.86,
WLD,GDPLTFORECAST,TOT,MLN_USD,A,2011,59879891.1,
WLD,GDPLTFORECAST,TOT,MLN_USD,A,2012,61665771.43,
WLD,GDPLTFORECAST,TOT,MLN_USD,A,2013,63408258.96,
WLD,GDPLTFORECAST,TOT,MLN_USD,A,2014,65544340.43,
WLD,GDPLTFORECAST,TOT,MLN_USD,A,2015,68077321.22,
WLD,GDPLTFORECAST,TOT,MLN_USD,A,2016,70750530.66,
WLD,GDPLTFORECAST,TOT,MLN_USD,A,2017,73424803.06,
WLD,GDPLTFORECAST,TOT,MLN_USD,A,2018,76088241.07,
WLD,GDPLTFORECAST,TOT,MLN_USD,A,2019,78758106.67,
WLD,GDPLTFORECAST,TOT,MLN_USD,A,2020,81452489.94,
WLD,GDPLTFORECAST,TOT,MLN_USD,A,2021,84182317.41,
WLD,GDPLTFORECAST,TOT,MLN_USD,A,2022,86954887.95,
WLD,GDPLTFORECAST,TOT,MLN_USD,A,2023,89774907.05,
WLD,GDPLTFORECAST,TOT,MLN_USD,A,2024,92645669.84,
WLD,GDPLTFORECAST,TOT,MLN_USD,A,2025,95570319.4,
WLD,GDPLTFORECAST,TOT,MLN_USD,A,2026,98551380.51,
WLD,GDPLTFORECAST,TOT,MLN_USD,A,2027,101592045.1,
WLD,GDPLTFORECAST,TOT,MLN_USD,A,2028,104694020.2,
WLD,GDPLTFORECAST,TOT,MLN_USD,A,2029,107855646.3,
WLD,GDPLTFORECAST,TOT,MLN_USD,A,2030,111074203.2,
WLD,GDPLTFORECAST,TOT,MLN_USD,A,2031,114349865,
WLD,GDPLTFORECAST,TOT,MLN_USD,A,2032,117683606.5,
WLD,GDPLTFORECAST,TOT,MLN_USD,A,2033,121075125.2,
WLD,GDPLTFORECAST,TOT,MLN_USD,A,2034,124520756.9,
WLD,GDPLTFORECAST,TOT,MLN_USD,A,2035,128015626.9,
WLD,GDPLTFORECAST,TOT,MLN_USD,A,2036,131552360.3,
WLD,GDPLTFORECAST,TOT,MLN_USD,A,2037,135124485.7,
WLD,GDPLTFORECAST,TOT,MLN_USD,A,2038,138723278.2,
WLD,GDPLTFORECAST,TOT,MLN_USD,A,2039,142338984.1,
WLD,GDPLTFORECAST,TOT,MLN_USD,A,2040,145962169.9,
WLD,GDPLTFORECAST,TOT,MLN_USD,A,2041,149584592.5,
WLD,GDPLTFORECAST,TOT,MLN_USD,A,2042,153203582,
WLD,GDPLTFORECAST,TOT,MLN_USD,A,2043,156817410,
WLD,GDPLTFORECAST,TOT,MLN_USD,A,2044,160426667.4,
WLD,GDPLTFORECAST,TOT,MLN_USD,A,2045,164034207.4,
WLD,GDPLTFORECAST,TOT,MLN_USD,A,2046,167644197.9,
WLD,GDPLTFORECAST,TOT,MLN_USD,A,2047,171265055.9,
WLD,GDPLTFORECAST,TOT,MLN_USD,A,2048,174904993.2,
WLD,GDPLTFORECAST,TOT,MLN_USD,A,2049,178572002.5,
WLD,GDPLTFORECAST,TOT,MLN_USD,A,2050,182273170.9,
EA15,GDPLTFORECAST,TOT,MLN_USD,A,2009,9663755.873,
EA15,GDPLTFORECAST,TOT,MLN_USD,A,2010,9844320.406,
EA15,GDPLTFORECAST,TOT,MLN_USD,A,2011,9999808.321,
EA15,GDPLTFORECAST,TOT,MLN_USD,A,2012,9935253.318,
EA15,GDPLTFORECAST,TOT,MLN_USD,A,2013,9895945.534,
EA15,GDPLTFORECAST,TOT,MLN_USD,A,2014,10015340.41,
EA15,GDPLTFORECAST,TOT,MLN_USD,A,2015,10182211.47,
EA15,GDPLTFORECAST,TOT,MLN_USD,A,2016,10394717.46,
EA15,GDPLTFORECAST,TOT,MLN_USD,A,2017,10611402.1,
EA15,GDPLTFORECAST,TOT,MLN_USD,A,2018,10822085.73,
EA15,GDPLTFORECAST,TOT,MLN_USD,A,2019,11029494.94,
EA15,GDPLTFORECAST,TOT,MLN_USD,A,2020,11238345.63,
EA15,GDPLTFORECAST,TOT,MLN_USD,A,2021,11450810.36,
EA15,GDPLTFORECAST,TOT,MLN_USD,A,2022,11668215.55,
EA15,GDPLTFORECAST,TOT,MLN_USD,A,2023,11891175.99,
EA15,GDPLTFORECAST,TOT,MLN_USD,A,2024,12120040.73,
EA15,GDPLTFORECAST,TOT,MLN_USD,A,2025,12354723.62,
EA15,GDPLTFORECAST,TOT,MLN_USD,A,2026,12594584.75,
EA15,GDPLTFORECAST,TOT,MLN_USD,A,2027,12837267.05,
EA15,GDPLTFORECAST,TOT,MLN_USD,A,2028,13081166.04,
EA15,GDPLTFORECAST,TOT,MLN_USD,A,2029,13325856.5,
EA15,GDPLTFORECAST,TOT,MLN_USD,A,2030,13571050.01,
EA15,GDPLTFORECAST,TOT,MLN_USD,A,2031,13816506.06,
EA15,GDPLTFORECAST,TOT,MLN_USD,A,2032,14061956.35,
EA15,GDPLTFORECAST,TOT,MLN_USD,A,2033,14307056.34,
EA15,GDPLTFORECAST,TOT,MLN_USD,A,2034,14551465.77,
EA15,GDPLTFORECAST,TOT,MLN_USD,A,2035,14794835,
EA15,GDPLTFORECAST,TOT,MLN_USD,A,2036,15036948.53,
EA15,GDPLTFORECAST,TOT,MLN_USD,A,2037,15277910.64,
EA15,GDPLTFORECAST,TOT,MLN_USD,A,2038,15517864.85,
EA15,GDPLTFORECAST,TOT,MLN_USD,A,2039,15756886.25,
EA15,GDPLTFORECAST,TOT,MLN_USD,A,2040,15995090.12,
EA15,GDPLTFORECAST,TOT,MLN_USD,A,2041,16232783.41,
EA15,GDPLTFORECAST,TOT,MLN_USD,A,2042,16470472.72,
EA15,GDPLTFORECAST,TOT,MLN_USD,A,2043,16708627.26,
EA15,GDPLTFORECAST,TOT,MLN_USD,A,2044,16947633.52,
EA15,GDPLTFORECAST,TOT,MLN_USD,A,2045,17187846.59,
EA15,GDPLTFORECAST,TOT,MLN_USD,A,2046,17429695.52,
EA15,GDPLTFORECAST,TOT,MLN_USD,A,2047,17673703.91,
EA15,GDPLTFORECAST,TOT,MLN_USD,A,2048,17920272.28,
EA15,GDPLTFORECAST,TOT,MLN_USD,A,2049,18169617.33,
EA15,GDPLTFORECAST,TOT,MLN_USD,A,2050,18421865,
OECD,GDPLTFORECAST,TOT,MLN_USD,A,2009,36894960.37,
OECD,GDPLTFORECAST,TOT,MLN_USD,A,2010,37999116.3,
OECD,GDPLTFORECAST,TOT,MLN_USD,A,2011,38736170.86,
OECD,GDPLTFORECAST,TOT,MLN_USD,A,2012,39328759.81,
OECD,GDPLTFORECAST,TOT,MLN_USD,A,2013,39852989.33,
OECD,GDPLTFORECAST,TOT,MLN_USD,A,2014,40759176.68,
OECD,GDPLTFORECAST,TOT,MLN_USD,A,2015,41890237.14,
OECD,GDPLTFORECAST,TOT,MLN_USD,A,2016,43039481.74,
OECD,GDPLTFORECAST,TOT,MLN_USD,A,2017,44164405.37,
OECD,GDPLTFORECAST,TOT,MLN_USD,A,2018,45271903.85,
OECD,GDPLTFORECAST,TOT,MLN_USD,A,2019,46376419.82,
OECD,GDPLTFORECAST,TOT,MLN_USD,A,2020,47489187.8,
OECD,GDPLTFORECAST,TOT,MLN_USD,A,2021,48615280.55,
OECD,GDPLTFORECAST,TOT,MLN_USD,A,2022,49757828.95,
OECD,GDPLTFORECAST,TOT,MLN_USD,A,2023,50918529.31,
OECD,GDPLTFORECAST,TOT,MLN_USD,A,2024,52098402.1,
OECD,GDPLTFORECAST,TOT,MLN_USD,A,2025,53298553.91,
OECD,GDPLTFORECAST,TOT,MLN_USD,A,2026,54519162.03,
OECD,GDPLTFORECAST,TOT,MLN_USD,A,2027,55760673.22,
OECD,GDPLTFORECAST,TOT,MLN_USD,A,2028,57022138.2,
OECD,GDPLTFORECAST,TOT,MLN_USD,A,2029,58299464.03,
OECD,GDPLTFORECAST,TOT,MLN_USD,A,2030,59587406.16,
OECD,GDPLTFORECAST,TOT,MLN_USD,A,2031,60883635.94,
OECD,GDPLTFORECAST,TOT,MLN_USD,A,2032,62187121.63,
OECD,GDPLTFORECAST,TOT,MLN_USD,A,2033,63496997.93,
OECD,GDPLTFORECAST,TOT,MLN_USD,A,2034,64811291.55,
OECD,GDPLTFORECAST,TOT,MLN_USD,A,2035,66128384.12,
OECD,GDPLTFORECAST,TOT,MLN_USD,A,2036,67446165.81,
OECD,GDPLTFORECAST,TOT,MLN_USD,A,2037,68765227.51,
OECD,GDPLTFORECAST,TOT,MLN_USD,A,2038,70085257.11,
OECD,GDPLTFORECAST,TOT,MLN_USD,A,2039,71405727.35,
OECD,GDPLTFORECAST,TOT,MLN_USD,A,2040,72726260.21,
OECD,GDPLTFORECAST,TOT,MLN_USD,A,2041,74046216.47,
OECD,GDPLTFORECAST,TOT,MLN_USD,A,2042,75368244.13,
OECD,GDPLTFORECAST,TOT,MLN_USD,A,2043,76693618.67,
OECD,GDPLTFORECAST,TOT,MLN_USD,A,2044,78023348.34,
OECD,GDPLTFORECAST,TOT,MLN_USD,A,2045,79358262.34,
OECD,GDPLTFORECAST,TOT,MLN_USD,A,2046,80698139.35,
OECD,GDPLTFORECAST,TOT,MLN_USD,A,2047,82045268.67,
OECD,GDPLTFORECAST,TOT,MLN_USD,A,2048,83400893.05,
OECD,GDPLTFORECAST,TOT,MLN_USD,A,2049,84765759.01,
OECD,GDPLTFORECAST,TOT,MLN_USD,A,2050,86140271.68,
